,yummy,convenient,spicy,fattening,greasy,fast,cheap,tasty,expensive,healthy,disgusting,Like,Visits/year,Gender,Age,cluster
0,0,1,0,1,0,1,1,0,1,0,0,-3,4,Female,61,0
1,1,1,0,1,1,1,1,1,1,0,0,2,4,Female,51,1
2,0,1,1,1,1,1,0,1,1,1,0,1,4,Female,62,1
3,1,1,0,1,1,1,1,1,0,0,1,4,48,Female,69,1
4,0,1,0,1,1,1,1,0,0,1,0,2,12,Male,49,1
5,1,1,0,1,0,1,1,1,0,0,0,2,4,Male,55,1
6,1,1,1,1,0,1,0,1,1,1,0,2,4,Female,56,1
7,1,1,0,1,1,1,1,1,0,0,0,5,48,Female,23,1
8,0,0,0,1,1,0,0,0,1,0,1,-5,1,Male,58,0
9,1,1,0,1,1,1,0,1,1,0,0,1,4,Female,32,1
10,0,1,0,1,0,1,1,0,0,0,1,-2,4,Female,53,0
11,1,1,0,1,1,1,0,1,1,0,1,3,12,Male,28,1
12,0,1,0,1,0,1,1,0,0,0,0,0,4,Male,65,1
13,1,1,0,1,0,1,0,1,1,1,0,5,12,Male,54,1
14,0,1,0,1,0,1,0,0,1,0,0,-3,12,Male,67,0
15,1,1,0,1,0,1,1,1,0,0,0,3,12,Male,51,1
16,1,1,0,1,1,1,1,1,0,0,0,0,12,Female,34,1
17,1,1,0,0,1,1,0,1,0,0,0,2,12,Male,31,1
18,0,0,0,1,1,1,1,0,1,0,1,-4,4,Female,47,0
19,1,1,0,1,1,1,0,1,1,0,1,5,96,Male,37,1
20,1,1,0,1,1,1,0,1,1,0,1,2,1,Female,41,1
21,1,1,0,1,0,1,1,1,1,0,0,2,12,Male,36,1
22,1,1,1,1,1,1,1,1,1,0,1,-2,48,Female,23,0
23,1,1,1,1,0,1,0,1,1,0,0,5,96,Female,50,1
24,1,1,0,1,0,1,1,1,0,1,0,2,4,Female,39,1
25,1,1,0,1,1,1,1,0,1,0,0,0,4,Female,35,1
26,1,1,0,1,1,1,1,1,0,0,1,0,4,Male,20,1
27,0,1,0,1,1,1,0,1,0,1,0,0,12,Female,34,1
28,0,1,0,0,0,1,0,0,0,0,0,0,4,Male,55,1
29,1,1,0,1,0,1,1,1,0,1,0,3,4,Female,24,1
30,1,1,0,1,1,1,1,1,0,0,0,3,12,Male,44,1
31,0,1,0,0,0,1,1,1,0,1,0,3,12,Female,40,1
32,1,1,0,1,1,1,1,1,0,0,0,1,12,Male,55,1
33,0,1,0,1,1,1,1,0,0,0,1,-4,0,Male,37,0
34,1,1,0,1,0,1,1,1,0,1,0,4,48,Male,48,1
35,0,1,0,1,1,1,1,0,0,0,1,-2,4,Female,54,0
36,1,1,0,1,0,1,1,1,0,1,0,3,4,Female,38,1
37,0,1,0,1,1,1,1,0,0,0,1,-5,4,Female,49,0
38,0,0,0,1,1,1,1,0,0,0,1,-4,0,Female,35,0
39,0,0,0,1,1,1,0,0,1,0,1,-4,1,Male,55,0
40,1,0,0,1,0,0,0,1,1,0,0,2,1,Male,31,1
41,1,1,0,1,0,1,1,1,0,1,0,3,96,Male,57,1
42,1,1,1,1,0,1,1,1,0,1,0,4,96,Male,69,1
43,1,1,0,1,0,1,0,1,0,0,0,3,4,Female,37,1
44,0,1,0,1,1,1,1,0,0,0,1,-5,0,Male,60,0
45,1,1,1,1,1,1,1,1,1,1,1,2,12,Male,36,1
46,0,1,0,0,0,1,0,1,0,1,0,1,4,Male,54,1
47,1,1,0,1,0,1,0,1,1,0,0,4,12,Male,66,1
48,1,1,0,1,0,1,1,1,0,0,0,0,12,Female,32,1
49,1,1,0,1,1,1,1,1,0,0,0,2,1,Male,67,1
50,0,1,1,1,1,1,0,0,1,0,1,-4,48,Female,42,0
51,1,1,0,1,1,1,1,0,0,0,0,2,12,Female,26,1
52,1,1,0,1,1,1,0,1,1,0,0,1,1,Female,58,1
53,0,1,0,1,0,1,0,0,1,0,1,-5,12,Male,48,0
54,1,1,0,0,0,1,1,1,0,1,0,4,12,Female,54,1
55,0,1,0,1,0,1,1,1,0,0,0,0,1,Male,62,1
56,0,1,0,1,1,1,1,0,0,0,1,-4,1,Female,52,0
57,0,1,0,1,1,1,1,0,0,0,0,0,4,Male,53,1
58,1,1,0,1,0,1,1,1,0,0,0,4,96,Male,47,1
59,1,1,0,1,1,1,1,1,0,0,0,5,12,Female,26,1
60,1,1,0,1,1,1,0,1,0,0,0,5,48,Female,29,1
61,1,1,0,1,1,1,1,1,0,1,0,3,48,Male,24,1
62,1,1,0,1,0,1,1,1,0,1,0,5,48,Female,25,1
63,0,1,0,1,1,1,0,0,1,0,0,0,12,Male,54,1
64,1,1,0,1,1,1,1,1,0,0,0,4,12,Female,23,1
65,0,0,0,1,0,1,0,0,1,0,1,0,0,Female,34,1
66,0,1,0,0,0,0,0,0,1,0,0,1,4,Male,47,1
67,1,1,1,1,1,1,1,1,1,1,1,3,48,Male,22,1
68,0,1,0,1,0,1,1,1,0,1,0,0,1,Male,47,1
69,1,1,0,1,0,1,1,1,0,0,0,4,12,Male,56,1
70,0,1,0,1,0,1,1,0,0,1,0,-1,4,Male,55,0
71,1,1,0,0,0,1,1,1,0,1,0,3,4,Female,56,1
72,0,1,0,1,0,0,0,1,1,0,0,0,4,Female,56,1
73,0,1,0,1,1,1,1,1,0,0,0,2,4,Female,37,1
74,1,1,0,0,0,1,1,1,0,1,0,5,48,Female,50,1
75,0,1,0,1,1,0,0,0,1,0,1,-1,4,Male,40,0
76,1,1,0,1,0,1,1,1,0,0,0,4,48,Male,61,1
77,0,1,0,1,0,1,0,0,1,0,0,-2,4,Male,55,0
78,1,1,1,1,1,1,0,1,1,0,0,-1,1,Female,45,0
79,1,1,0,0,0,1,1,1,0,1,0,1,12,Male,42,1
80,0,1,0,1,1,1,0,0,0,0,1,2,4,Male,52,1
81,0,1,0,1,0,1,1,1,0,0,0,2,1,Female,58,1
82,0,1,0,1,0,1,1,1,0,0,0,1,12,Male,48,1
83,1,1,0,0,0,1,1,1,0,1,0,3,48,Male,58,1
84,0,0,0,1,1,1,0,1,1,0,0,-3,1,Male,18,0
85,1,1,0,0,0,1,1,1,0,0,0,4,12,Female,68,1
86,1,1,0,1,1,1,1,1,1,0,1,1,12,Female,49,1
87,0,1,0,1,1,0,0,1,1,0,0,-5,48,Female,50,0
88,1,1,0,1,0,1,0,1,1,0,0,2,4,Female,43,1
89,1,1,1,1,0,1,1,1,1,0,0,4,4,Male,67,1
90,1,1,0,1,0,1,1,1,0,0,0,1,48,Female,40,1
91,1,1,0,1,1,1,1,1,0,0,1,-5,0,Male,35,0
92,0,0,0,1,1,0,0,0,1,0,1,-5,4,Female,42,0
93,0,1,0,1,0,1,1,1,0,0,0,2,4,Female,41,1
94,1,1,0,1,1,1,1,1,0,1,0,4,12,Male,32,1
95,1,1,0,1,1,1,0,1,0,0,0,3,12,Female,21,1
96,0,1,0,1,1,1,1,1,0,0,0,4,48,Female,56,1
97,0,1,0,1,1,1,0,0,0,0,0,2,4,Male,27,1
98,0,1,0,1,1,1,0,0,1,0,0,0,1,Female,48,1
99,1,1,0,1,0,1,1,1,0,0,0,2,48,Male,32,1
100,0,1,0,1,1,1,1,0,0,0,0,3,12,Male,50,1
101,1,1,0,1,1,1,0,1,1,0,0,2,1,Female,42,1
102,1,1,1,1,1,1,1,1,1,1,1,5,96,Male,35,1
103,1,1,1,1,0,1,1,1,0,0,0,4,12,Female,57,1
104,1,1,0,1,0,1,0,1,0,0,0,3,12,Male,68,1
105,0,1,0,1,0,1,0,0,1,0,0,3,12,Female,51,1
106,1,1,0,1,1,0,0,1,1,0,1,-2,4,Female,42,0
107,0,1,0,1,0,0,0,0,0,0,0,0,4,Female,44,1
108,1,1,0,1,0,1,1,1,0,0,0,2,1,Female,57,1
109,0,1,0,1,1,1,1,0,0,0,0,2,1,Female,56,1
110,0,1,1,1,0,0,0,0,0,0,0,-2,4,Female,57,0
111,1,1,0,0,0,1,0,1,1,1,0,5,48,Female,33,1
112,0,0,0,1,1,0,0,0,1,0,1,-3,4,Male,63,0
113,1,1,0,1,0,1,0,1,1,0,0,2,12,Male,55,1
114,0,1,0,1,1,0,0,0,1,0,0,0,4,Female,39,1
115,0,1,0,1,0,1,1,0,0,0,0,-3,0,Male,65,0
116,1,1,1,1,1,1,1,1,0,1,0,4,48,Female,47,1
117,1,1,0,1,0,1,1,1,0,1,0,1,4,Female,37,1
118,0,1,0,1,1,1,1,0,0,0,1,-1,1,Male,22,0
119,0,1,0,1,1,1,1,0,0,0,0,-2,4,Male,51,0
120,1,1,0,0,0,1,1,1,0,1,0,5,12,Female,24,1
121,1,1,1,1,1,1,1,1,1,0,0,1,12,Female,49,1
122,1,1,0,1,0,1,0,1,1,1,0,5,12,Female,55,1
123,0,1,0,1,0,1,1,0,0,0,1,-5,1,Male,48,0
124,1,1,0,1,1,1,1,1,0,0,0,3,4,Female,24,1
125,0,1,0,1,0,1,0,1,1,0,0,-2,4,Male,47,0
126,0,1,0,1,0,1,1,0,0,0,1,-4,1,Male,54,0
127,1,1,0,1,0,1,1,1,0,0,0,4,48,Female,23,1
128,0,1,0,1,1,1,1,0,0,1,0,1,4,Female,34,1
129,1,1,0,1,1,1,1,1,0,0,1,3,12,Female,32,1
130,0,1,0,0,0,1,1,0,0,0,0,3,12,Female,58,1
131,0,1,0,1,0,1,0,0,1,0,0,0,1,Female,46,1
132,1,1,0,1,0,1,1,1,0,0,0,0,4,Female,23,1
133,1,1,0,1,1,1,1,1,0,0,0,1,12,Male,31,1
134,0,1,0,1,1,1,1,1,0,0,0,0,1,Male,59,1
135,0,1,1,1,1,1,0,0,1,1,0,0,12,Male,47,1
136,1,1,0,1,0,1,1,1,0,0,0,3,96,Female,58,1
137,1,1,0,1,0,1,1,1,0,0,0,4,4,Male,55,1
138,1,1,0,1,1,0,1,1,0,0,0,4,12,Female,62,1
139,1,1,0,1,1,1,1,1,0,0,0,2,12,Male,20,1
140,0,1,0,1,0,1,1,1,0,0,0,0,4,Male,42,1
141,0,1,0,1,1,1,1,0,0,0,1,-3,12,Male,29,0
142,0,1,0,1,0,1,0,0,1,0,0,1,12,Male,63,1
143,0,1,0,1,1,1,1,1,0,0,1,2,48,Male,26,1
144,1,0,0,1,1,1,1,1,0,0,0,5,12,Female,19,1
145,1,1,0,1,0,1,1,1,0,0,0,1,1,Female,61,1
146,1,1,0,1,1,1,0,1,1,0,0,5,48,Male,19,1
147,1,1,0,1,0,1,0,1,1,1,0,4,12,Female,56,1
148,0,1,0,1,1,1,0,0,1,0,1,-4,1,Female,39,0
149,1,1,0,1,1,1,0,1,1,0,0,0,12,Male,45,1
150,0,0,0,1,1,0,0,0,1,0,1,-5,1,Male,52,0
151,1,1,0,0,0,1,1,1,0,1,0,0,12,Female,42,1
152,1,1,0,1,1,1,0,1,1,0,0,3,12,Female,47,1
153,1,1,0,1,0,1,1,1,0,0,0,5,48,Female,22,1
154,1,1,1,1,1,1,1,1,0,0,0,2,12,Male,63,1
155,1,1,0,1,1,1,1,1,0,0,0,5,4,Female,65,1
156,0,1,0,0,0,1,1,1,0,0,0,1,4,Male,63,1
157,1,1,0,1,1,1,0,1,1,0,0,3,12,Male,25,1
158,1,1,0,1,1,1,0,1,1,0,0,1,1,Male,62,1
159,0,1,0,1,1,0,1,0,0,0,0,0,1,Female,59,1
160,0,1,0,1,1,1,1,1,0,0,0,1,1,Male,67,1
161,0,0,0,1,1,1,0,0,1,0,1,-5,0,Male,60,0
162,1,1,0,0,0,1,1,1,0,1,0,4,48,Male,69,1
163,0,0,0,1,1,1,0,0,1,0,1,-5,0,Male,40,0
164,1,1,0,0,0,1,1,1,0,1,0,2,1,Male,67,1
165,1,1,0,0,0,1,1,1,0,1,0,2,4,Female,37,1
166,0,1,1,0,1,1,0,0,1,0,0,-4,4,Male,65,0
167,1,1,0,1,0,1,0,1,1,0,0,3,12,Female,64,1
168,1,1,0,1,0,1,1,1,0,0,0,4,12,Female,57,1
169,1,1,0,1,1,1,0,1,1,1,0,5,48,Male,37,1
170,1,1,0,1,1,1,0,1,1,1,0,2,12,Female,39,1
171,1,1,0,1,0,1,0,1,0,0,0,1,4,Male,64,1
172,1,1,0,1,1,1,1,1,0,0,1,-2,1,Male,23,0
173,1,0,1,1,1,1,1,0,0,0,1,2,48,Female,50,1
174,0,1,0,1,1,1,0,0,1,0,1,-4,4,Male,60,0
175,0,1,0,1,1,1,0,0,1,0,1,-2,1,Male,32,0
176,0,1,0,1,1,1,1,0,0,0,1,-5,0,Female,59,0
177,0,0,0,1,0,1,0,0,1,0,1,-2,12,Male,37,0
178,1,1,0,1,1,1,0,1,0,1,0,3,96,Female,25,1
179,0,1,0,0,0,1,0,0,0,0,0,3,12,Male,55,1
180,0,1,0,1,1,1,0,1,1,0,1,-2,12,Male,25,0
181,0,1,0,0,0,1,1,0,0,1,1,-3,1,Female,35,0
182,0,0,1,1,1,1,1,0,0,0,1,-4,0,Female,58,0
183,0,1,0,1,1,1,1,0,0,0,1,-5,0,Male,32,0
184,1,1,0,1,1,1,1,1,1,0,1,-5,0,Female,45,0
185,0,1,0,1,0,1,0,0,1,0,0,-3,1,Female,60,0
186,0,1,0,1,0,1,1,1,0,0,0,3,1,Male,59,1
187,0,1,0,1,0,1,1,0,0,0,0,0,12,Female,36,1
188,0,1,0,1,1,1,1,0,0,0,1,0,1,Male,55,0
189,1,1,0,1,0,1,1,0,0,0,0,1,4,Female,55,1
190,1,1,0,1,0,1,0,1,1,0,0,3,12,Female,22,1
191,1,1,0,1,1,1,1,1,0,0,0,3,48,Female,21,1
192,1,1,0,1,1,1,1,1,0,0,0,1,48,Male,62,1
193,1,1,0,1,1,1,1,1,0,0,0,3,12,Male,29,1
194,1,1,0,1,1,1,1,1,0,1,0,1,12,Female,36,1
195,0,1,0,1,1,1,0,0,0,0,0,0,1,Male,44,1
196,0,1,0,1,1,1,1,0,0,0,0,2,1,Female,47,1
197,0,0,0,1,1,0,0,0,1,0,1,-5,1,Female,57,0
198,0,1,0,1,0,1,1,1,0,0,0,1,1,Female,23,1
199,1,1,0,1,1,1,1,1,0,0,0,5,48,Female,31,1
200,1,1,0,0,0,1,1,1,0,1,0,4,96,Female,70,1
201,1,1,1,1,0,1,1,1,0,1,0,5,48,Male,24,1
202,0,1,0,1,1,1,0,1,1,0,0,3,4,Male,27,1
203,0,1,0,1,1,1,1,0,0,0,1,-5,0,Female,58,0
204,0,1,1,1,0,1,1,0,0,0,0,2,48,Male,51,1
205,0,0,0,1,1,0,0,0,1,0,1,-2,4,Male,36,0
206,0,1,0,1,0,1,1,1,0,0,0,0,12,Female,36,1
207,0,0,1,1,1,1,0,0,1,0,1,0,4,Male,43,0
208,0,1,1,1,1,0,0,0,1,0,1,-3,0,Male,64,0
209,0,1,0,1,0,1,0,0,1,0,1,-3,12,Male,52,0
210,0,1,0,1,0,1,1,1,0,0,0,1,0,Male,53,1
211,0,1,0,1,1,1,0,0,1,0,1,-5,0,Female,52,0
212,1,1,1,1,1,1,1,1,0,0,0,3,48,Female,33,1
213,1,1,0,1,1,1,1,1,0,0,0,5,48,Male,24,1
214,1,1,0,0,0,1,0,1,0,0,0,4,12,Female,64,1
215,1,1,1,1,1,1,0,1,1,1,1,3,12,Male,41,1
216,0,0,0,1,1,0,1,0,0,0,1,-5,1,Female,56,0
217,1,1,0,1,0,1,1,1,0,1,0,4,12,Female,49,1
218,1,0,0,1,1,1,0,1,1,0,0,-1,1,Female,24,0
219,0,1,0,1,0,1,1,0,0,0,0,2,4,Female,62,1
220,0,1,0,0,0,1,1,1,0,0,0,0,4,Male,56,1
221,1,1,0,1,1,0,0,1,0,0,0,3,4,Male,67,1
222,1,1,0,1,0,1,1,1,0,0,0,3,12,Male,27,1
223,0,1,0,1,0,1,0,0,1,0,1,-4,1,Male,53,0
224,1,1,1,1,0,1,1,1,0,1,1,-4,1,Female,60,0
225,0,1,0,1,1,1,1,1,0,0,0,0,1,Female,51,1
226,0,1,1,1,1,1,0,1,1,0,0,-5,1,Female,67,0
227,1,1,0,1,0,1,1,1,0,0,0,3,12,Female,27,1
228,0,1,0,1,1,1,0,0,1,0,0,0,4,Male,56,1
229,1,1,0,1,1,1,1,1,0,0,0,4,12,Male,39,1
230,1,1,0,1,0,1,1,1,0,0,0,4,48,Female,35,1
231,1,1,0,1,1,1,1,1,0,0,0,2,12,Female,68,1
232,1,1,0,0,1,1,1,1,0,1,0,5,48,Female,57,1
233,0,1,0,1,1,1,1,0,0,0,1,-5,0,Female,50,0
234,1,1,0,0,0,1,1,1,0,1,0,3,12,Female,64,1
235,0,1,0,1,0,1,1,0,0,0,0,-3,48,Female,66,0
236,1,1,1,0,0,1,1,1,0,1,0,5,96,Male,27,1
237,0,0,0,1,0,1,0,0,1,0,1,-5,0,Male,70,0
238,0,1,0,1,1,0,1,1,1,0,0,-1,12,Male,51,0
239,1,1,0,1,0,1,1,1,0,0,0,0,1,Female,60,1
240,0,0,0,1,0,1,0,0,1,0,1,-4,1,Female,49,0
241,0,1,0,1,1,1,1,0,0,0,1,-5,0,Female,54,0
242,0,0,0,1,1,1,0,0,1,0,1,-5,0,Female,58,0
243,0,0,0,0,0,1,1,0,0,0,0,-3,12,Female,70,0
244,1,1,0,0,0,1,0,1,1,0,0,3,96,Male,59,1
245,0,1,0,1,0,1,1,0,0,1,0,1,1,Female,54,1
246,0,1,1,0,1,1,0,0,1,0,0,-3,4,Female,52,0
247,1,1,0,1,1,1,1,1,0,1,0,4,48,Female,22,1
248,1,1,0,1,1,1,0,1,1,0,0,3,4,Female,53,1
249,1,1,0,0,0,1,1,1,0,1,0,5,96,Female,69,1
250,0,1,1,1,1,1,0,0,1,0,1,1,4,Male,20,1
251,1,1,1,1,0,1,1,0,0,0,0,3,12,Female,66,1
252,1,1,0,1,0,1,1,1,0,0,0,5,96,Female,25,1
253,1,1,0,1,1,1,0,1,1,0,0,5,48,Female,31,1
254,1,1,0,1,0,1,1,1,0,1,0,1,12,Female,67,1
255,1,1,1,1,0,1,1,1,0,0,0,3,12,Female,56,1
256,0,1,0,1,1,1,1,1,0,0,0,1,1,Female,48,1
257,0,1,0,1,0,1,1,0,0,0,0,-1,4,Female,54,0
258,1,1,0,0,0,1,1,1,0,1,0,5,12,Male,58,1
259,1,1,0,1,0,1,1,1,0,0,0,3,48,Female,42,1
260,1,1,0,1,0,1,0,1,0,0,0,4,48,Female,38,1
261,0,1,0,1,1,1,1,1,0,1,0,2,4,Male,28,1
262,1,1,0,1,0,1,0,1,1,0,0,3,48,Female,47,1
263,0,0,0,1,1,1,1,0,0,0,0,0,1,Male,49,1
264,0,1,0,1,1,1,1,1,0,0,1,0,4,Female,40,1
265,0,0,0,1,1,1,0,1,1,1,1,0,48,Male,31,1
266,0,1,1,1,1,1,1,0,0,0,0,-5,0,Male,50,0
267,1,0,1,1,0,1,1,1,0,0,0,-1,1,Female,69,0
268,1,1,0,1,0,1,1,1,0,1,0,4,12,Female,40,1
269,1,1,0,1,1,1,1,1,0,0,1,5,12,Male,30,1
270,0,1,0,1,1,1,1,1,0,0,1,-3,1,Male,44,0
271,1,1,0,1,1,1,0,1,1,0,0,3,12,Male,32,1
272,1,1,0,1,0,1,1,1,0,0,0,3,48,Male,67,1
273,1,1,0,1,1,1,1,1,0,0,0,5,48,Female,18,1
274,0,1,0,1,1,1,1,0,0,0,0,-3,1,Female,27,0
275,0,1,0,1,1,1,0,0,1,0,0,-1,1,Female,61,0
276,0,1,0,1,0,1,1,0,0,0,0,-4,1,Male,47,0
277,1,1,0,1,1,1,1,1,0,0,0,-4,4,Male,20,0
278,1,1,0,1,1,1,1,1,0,0,0,4,48,Male,26,1
279,0,1,0,1,0,1,1,0,0,0,0,-4,1,Female,65,0
280,0,0,1,1,1,0,0,0,1,0,1,-5,0,Male,64,0
281,1,1,0,1,1,1,1,1,0,1,0,5,48,Male,20,1
282,1,1,0,1,1,0,0,1,1,0,0,2,12,Female,29,1
283,1,1,1,1,1,1,0,1,1,0,0,2,12,Female,45,1
284,1,0,0,1,0,1,1,1,0,0,0,0,1,Female,31,1
285,1,1,0,1,1,1,1,1,0,0,0,5,48,Female,41,1
286,0,0,0,1,0,1,0,0,1,0,0,-5,0,Female,61,0
287,0,0,0,1,1,1,0,0,1,0,1,-5,0,Female,69,0
288,0,1,0,1,1,1,1,0,0,0,1,1,12,Male,28,1
289,0,1,0,0,0,1,0,0,0,0,0,3,12,Male,68,1
290,0,0,0,1,0,1,1,0,0,0,0,-4,0,Male,60,0
291,1,1,0,1,1,1,0,1,0,0,0,0,1,Female,56,1
292,0,1,0,1,0,1,0,0,1,0,0,0,1,Female,61,1
293,0,1,1,1,1,1,0,1,1,0,0,0,48,Male,61,1
294,0,1,0,1,0,1,1,0,0,0,0,-4,1,Male,63,0
295,0,1,0,1,0,1,1,1,0,0,0,3,12,Female,40,1
296,0,1,0,1,1,1,1,1,0,1,0,-1,4,Male,36,0
297,1,1,0,1,1,1,1,0,0,0,0,1,12,Female,30,1
298,1,1,0,1,0,1,0,1,1,0,0,4,12,Female,32,1
299,1,1,0,0,0,1,0,1,1,1,0,5,96,Male,37,1
300,1,1,0,1,0,0,1,1,0,1,0,3,48,Male,61,1
301,1,1,0,1,1,1,0,1,1,0,0,3,12,Female,34,1
302,1,1,0,1,1,1,0,1,1,0,0,1,12,Male,24,1
303,1,1,0,1,1,0,0,1,1,0,0,1,12,Male,39,1
304,0,1,0,1,0,1,0,1,1,0,0,0,4,Male,50,1
305,1,1,0,1,0,1,0,1,1,1,0,1,12,Male,46,1
306,1,1,0,1,0,1,0,0,1,0,0,2,12,Female,43,1
307,1,1,0,1,0,1,1,1,0,0,0,4,12,Male,36,1
308,1,0,0,0,1,0,0,1,1,0,1,-5,48,Male,26,0
309,1,1,0,1,0,1,1,1,0,1,0,2,12,Female,32,1
310,0,0,0,1,1,0,0,0,1,0,1,-5,0,Female,50,0
311,0,1,0,1,1,1,1,0,0,0,0,-2,1,Female,56,0
312,1,1,0,1,0,1,1,1,0,0,0,3,4,Female,57,1
313,1,1,0,1,1,1,1,1,0,0,0,-1,1,Male,25,0
314,0,1,0,1,1,1,1,1,0,0,0,-1,12,Female,47,0
315,1,1,0,1,0,1,0,1,1,0,0,0,1,Male,32,1
316,1,1,0,1,0,1,1,1,0,1,0,3,48,Female,32,1
317,0,1,0,1,1,1,1,1,0,1,0,0,4,Female,57,1
318,1,1,0,1,1,1,1,1,0,0,0,5,48,Male,42,1
319,0,1,0,1,0,1,1,0,0,0,0,2,48,Male,31,1
320,0,0,0,1,1,1,0,0,1,0,1,-3,1,Female,37,0
321,1,1,0,0,0,1,1,1,1,1,0,3,4,Female,33,1
322,1,1,0,1,0,1,0,1,0,0,0,-1,4,Female,46,0
323,1,1,0,1,0,1,0,1,1,0,0,2,4,Female,41,1
324,0,1,0,0,0,1,1,0,0,1,0,-1,4,Male,60,0
325,1,1,0,1,0,1,1,1,0,1,0,2,12,Male,42,1
326,0,1,0,1,0,1,1,1,0,0,0,1,12,Female,45,1
327,1,1,0,1,1,1,0,0,0,0,0,0,4,Male,36,1
328,1,1,0,1,0,0,0,1,1,1,0,2,12,Male,44,1
329,1,1,1,0,1,0,0,1,1,0,0,1,12,Male,34,1
330,1,0,0,1,1,1,1,1,0,0,0,2,4,Male,22,1
331,0,1,0,1,1,1,1,0,0,0,1,-4,4,Male,64,0
332,1,1,0,0,0,1,1,1,0,1,0,5,12,Male,36,1
333,1,1,0,1,1,1,1,1,0,0,0,5,12,Male,23,1
334,0,1,0,1,0,1,1,1,0,0,0,-4,4,Female,69,0
335,0,1,0,1,1,1,1,0,0,0,0,-5,0,Female,64,0
336,1,1,0,1,0,1,1,1,0,0,0,4,4,Male,53,1
337,0,1,0,1,1,0,0,0,0,0,1,-4,0,Female,40,0
338,0,1,0,1,0,1,1,0,0,0,1,-4,4,Female,56,0
339,0,1,0,1,1,0,0,1,0,0,0,2,48,Female,48,1
340,1,0,0,1,0,1,1,1,0,1,0,5,12,Female,62,1
341,1,1,0,0,0,1,1,1,0,1,0,2,4,Female,65,1
342,1,1,0,0,0,1,0,1,1,0,0,4,12,Male,34,1
343,0,1,0,1,1,1,0,0,0,0,1,-5,0,Female,27,0
344,1,1,0,1,0,1,1,1,0,0,0,2,4,Male,25,1
345,1,1,0,1,1,1,1,1,0,0,1,-1,1,Female,55,0
346,1,1,0,1,0,1,1,1,0,0,0,5,48,Female,38,1
347,1,1,0,1,0,1,0,1,1,1,0,1,12,Female,52,1
348,1,1,0,1,0,0,0,1,1,0,0,3,12,Male,36,1
349,1,1,0,1,1,1,1,1,0,0,0,-1,12,Male,36,0
350,1,1,0,1,0,1,0,1,1,0,0,0,12,Female,52,1
351,1,1,0,1,1,1,1,1,1,0,0,5,48,Female,49,1
352,0,1,0,1,0,1,0,1,0,0,0,2,12,Female,58,1
353,1,1,1,0,0,1,1,1,0,1,0,3,12,Female,67,1
354,0,1,0,1,1,1,1,1,0,0,1,1,4,Female,56,1
355,1,1,0,1,1,0,0,1,1,0,0,2,48,Female,43,1
356,1,1,0,1,0,1,1,1,0,0,0,1,48,Female,43,1
357,1,1,0,1,1,1,0,1,1,0,1,1,4,Female,23,1
358,1,1,0,1,1,1,1,1,1,0,0,1,48,Male,29,1
359,0,1,0,1,1,0,0,0,1,0,1,-4,1,Male,32,0
360,0,1,0,1,1,1,1,0,0,0,0,1,48,Female,35,1
361,1,1,0,0,1,1,0,1,1,0,1,2,48,Male,46,1
362,0,1,0,0,0,1,1,1,0,1,0,3,12,Female,55,1
363,1,1,0,1,0,1,1,1,0,0,0,4,48,Female,45,1
364,1,1,0,1,0,0,0,1,1,0,0,2,4,Male,39,1
365,0,1,0,0,0,1,0,1,1,1,1,-3,1,Male,52,0
366,1,1,0,1,0,1,0,1,1,0,0,3,12,Female,53,1
367,1,1,1,1,1,1,0,1,0,0,0,3,12,Male,44,1
368,0,1,0,1,1,1,1,1,0,0,0,1,1,Female,55,1
369,1,1,0,1,0,1,1,1,0,1,0,5,96,Female,21,1
370,0,1,0,0,0,1,1,1,0,0,0,1,12,Male,48,1
371,1,1,1,1,1,0,0,1,1,0,0,3,12,Female,57,1
372,1,1,0,1,1,1,0,1,1,0,0,3,48,Male,26,1
373,1,1,0,0,0,1,1,1,0,0,0,2,12,Female,52,1
374,1,1,0,1,1,1,0,1,1,0,0,4,48,Male,28,1
375,0,1,0,0,0,1,0,1,0,0,0,2,12,Male,58,1
376,1,1,0,0,0,0,1,1,0,1,0,5,12,Male,34,1
377,1,1,0,1,0,1,1,0,0,0,0,-4,4,Male,39,0
378,1,1,1,1,1,1,0,1,1,0,0,3,12,Male,20,1
379,0,1,0,1,0,1,0,0,0,0,1,0,1,Female,61,1
380,1,1,0,1,0,0,0,0,1,0,0,4,48,Male,35,1
381,0,1,0,1,1,1,0,0,1,0,1,-5,0,Male,27,0
382,1,1,0,1,1,1,1,1,0,0,0,3,12,Female,50,1
383,1,1,0,1,1,1,1,1,0,0,0,3,12,Female,58,1
384,0,1,0,1,1,1,1,0,0,0,1,-1,12,Female,29,0
385,1,1,0,1,1,1,0,1,1,0,0,3,48,Male,23,1
386,1,1,0,0,0,1,0,1,0,0,0,2,4,Male,47,1
387,1,1,0,1,1,1,1,1,0,0,0,2,4,Female,58,1
388,0,1,0,1,0,1,0,0,1,0,0,0,12,Female,49,1
389,1,1,0,1,0,1,0,0,0,0,0,1,12,Female,27,1
390,1,1,0,1,1,1,1,1,0,0,0,5,96,Female,20,1
391,1,1,0,1,1,0,0,1,1,0,1,0,4,Male,43,1
392,0,1,0,1,0,1,0,0,1,0,1,0,4,Female,62,1
393,0,0,0,1,0,1,1,0,0,0,1,-5,1,Female,55,0
394,0,0,0,1,1,1,1,1,0,0,0,-3,1,Female,62,0
395,0,1,0,1,1,1,1,0,0,0,1,-3,1,Female,56,0
396,0,1,0,1,0,1,1,0,0,0,0,-4,0,Male,60,0
397,1,1,0,1,0,1,1,1,0,0,0,1,12,Female,42,1
398,1,1,0,1,1,1,1,1,0,0,0,4,48,Female,26,1
399,0,1,0,1,0,1,1,0,0,0,0,-1,1,Female,55,0
400,1,1,0,1,0,1,0,1,0,0,0,4,48,Male,42,1
401,0,1,0,0,0,1,1,1,0,1,0,3,1,Female,67,1
402,1,1,0,1,0,1,0,1,1,0,0,3,48,Male,43,1
403,0,1,0,1,1,1,1,0,0,0,0,0,12,Female,42,1
404,1,1,0,0,0,1,1,1,0,1,0,5,48,Female,50,1
405,0,1,0,1,1,1,1,0,0,0,1,-4,1,Female,20,0
406,0,0,0,1,0,1,0,0,1,0,1,-5,0,Male,50,0
407,1,1,1,1,1,1,0,1,1,0,0,1,1,Male,60,1
408,1,1,0,1,1,1,1,1,0,0,0,-1,0,Male,21,0
409,1,1,0,1,0,1,0,1,1,0,0,4,12,Male,33,1
410,1,1,0,1,0,1,1,0,0,0,0,0,4,Female,68,1
411,1,1,0,1,1,1,1,1,0,0,0,3,12,Male,26,1
412,1,1,0,1,0,1,1,1,0,0,0,1,12,Female,60,1
413,1,1,0,1,1,1,0,1,1,0,0,3,4,Female,52,1
414,1,1,1,0,0,1,1,1,0,1,0,4,4,Female,70,1
415,0,0,0,1,1,1,1,0,1,0,1,-5,1,Female,44,0
416,1,1,0,1,1,1,0,1,1,0,0,2,4,Female,23,1
417,0,1,1,1,0,1,0,0,0,0,0,-1,4,Female,62,0
418,0,1,1,1,0,1,1,1,0,0,0,2,48,Female,59,1
419,1,1,0,0,0,1,1,1,0,1,0,5,48,Female,66,1
420,0,1,0,1,0,1,0,0,1,1,0,1,12,Male,44,1
421,1,1,0,1,1,1,0,1,1,0,0,3,12,Male,25,1
422,1,1,0,1,0,0,0,1,1,1,0,3,12,Male,41,1
423,1,1,0,0,0,1,1,1,0,0,0,4,96,Male,41,1
424,1,1,0,0,0,1,1,1,0,1,0,3,48,Male,33,1
425,0,1,0,1,1,1,0,0,1,0,1,1,12,Female,45,1
426,1,1,0,1,0,1,1,1,0,1,0,5,96,Female,23,1
427,0,0,0,1,1,1,0,0,1,0,1,-4,1,Female,52,0
428,0,1,0,1,0,1,1,0,0,0,0,2,12,Female,63,1
429,1,1,1,1,1,1,1,1,1,1,1,4,12,Female,48,1
430,0,1,0,1,1,1,0,1,1,0,1,-5,0,Male,52,0
431,0,0,0,1,1,1,1,0,1,0,1,-5,0,Male,50,0
432,1,1,0,1,1,1,1,1,0,1,1,2,12,Male,28,1
433,1,1,0,1,1,1,0,1,1,0,1,1,12,Male,24,1
434,0,1,0,1,0,0,0,0,1,0,0,0,48,Female,45,1
435,1,1,0,1,1,0,0,0,1,0,0,2,4,Female,26,1
436,1,1,0,1,1,1,0,1,0,0,1,1,4,Male,19,1
437,0,1,0,1,0,1,0,1,1,0,0,2,4,Male,45,1
438,0,1,0,0,0,1,0,0,1,1,0,1,4,Male,44,1
439,1,1,0,1,1,1,0,1,0,0,0,2,12,Male,47,1
440,0,1,0,1,0,1,1,1,0,0,0,3,12,Male,28,1
441,0,1,0,1,0,1,1,0,0,0,0,2,4,Female,62,1
442,1,1,1,0,1,1,1,1,0,0,0,-1,48,Male,33,0
443,1,1,0,0,0,0,1,1,0,1,0,3,4,Female,67,1
444,1,1,0,0,0,1,1,1,0,1,0,1,1,Female,67,1
445,1,1,1,1,1,1,1,1,1,0,1,2,12,Male,49,1
446,1,1,0,1,1,1,1,1,0,0,0,4,48,Female,33,1
447,1,1,0,0,0,1,1,1,0,1,0,5,96,Female,51,1
448,1,1,0,0,0,1,1,1,0,1,0,3,48,Female,52,1
449,1,1,1,1,1,1,1,1,1,1,0,5,96,Male,30,1
450,1,1,0,1,0,1,0,1,1,0,0,2,12,Female,60,1
451,0,1,0,1,0,1,0,0,1,0,0,-3,4,Female,47,0
452,0,1,0,0,0,1,0,1,1,0,0,2,12,Male,44,1
453,1,1,0,1,0,1,0,1,1,0,0,2,4,Female,43,1
454,0,1,0,1,1,1,1,0,0,0,0,-2,12,Male,46,0
455,0,1,0,1,0,1,0,1,0,0,0,1,12,Female,40,1
456,0,1,0,1,1,1,0,0,0,0,0,0,1,Female,48,1
457,0,1,0,1,1,1,0,0,1,0,1,0,12,Female,53,1
458,1,1,0,1,0,1,0,1,1,0,0,4,4,Male,35,1
459,0,1,0,1,0,1,1,0,0,1,0,-4,4,Male,51,0
460,1,1,0,1,1,1,1,0,1,0,0,2,12,Male,26,1
461,0,1,0,1,1,1,0,0,1,0,0,-2,4,Female,46,0
462,1,1,0,1,1,1,1,1,0,0,0,2,12,Female,39,1
463,1,1,0,1,0,1,1,1,0,0,0,0,1,Male,38,1
464,1,1,0,1,0,1,1,1,0,0,0,4,12,Female,40,1
465,1,1,0,1,0,1,1,1,0,0,0,5,12,Female,36,1
466,0,1,0,1,0,1,1,0,0,0,0,0,0,Female,56,1
467,1,1,0,1,1,1,1,1,0,0,0,5,12,Female,23,1
468,1,1,0,1,0,1,1,1,0,0,0,5,12,Female,39,1
469,0,1,0,1,1,1,1,0,0,0,1,-2,4,Female,22,0
470,1,1,0,0,0,1,1,1,0,0,0,3,12,Male,27,1
471,1,1,0,1,1,1,1,1,0,0,0,0,4,Female,23,1
472,1,1,0,1,1,1,1,1,0,0,0,2,4,Female,21,1
473,1,1,1,1,1,1,1,1,1,1,1,3,4,Male,33,1
474,0,0,0,1,1,1,1,0,0,0,1,-5,0,Female,24,0
475,1,1,0,1,1,1,1,1,0,1,0,5,96,Female,22,1
476,0,0,0,1,1,1,1,0,0,0,1,-5,4,Female,54,0
477,0,1,1,1,1,0,0,0,1,0,1,-3,4,Female,56,0
478,1,1,0,1,1,1,1,1,0,0,0,4,12,Male,20,1
479,1,1,1,0,0,0,0,1,1,1,0,4,12,Female,41,1
480,0,1,1,0,0,1,0,1,1,0,0,4,12,Male,70,1
481,1,1,0,1,1,1,1,1,0,1,0,4,12,Female,54,1
482,1,1,0,1,1,1,0,1,1,1,0,3,12,Male,23,1
483,1,1,0,0,0,1,1,1,0,1,0,2,12,Female,61,1
484,0,1,0,1,0,1,0,1,1,0,0,1,48,Female,52,1
485,1,1,0,1,0,1,1,1,0,1,0,3,48,Female,61,1
486,0,1,1,1,0,1,1,0,0,0,1,-2,4,Female,66,0
487,1,1,0,1,1,1,0,1,1,0,0,1,12,Female,40,1
488,1,1,1,1,1,1,1,1,1,1,1,5,0,Male,26,1
489,0,1,0,0,1,1,0,0,1,1,0,2,12,Male,32,1
490,1,1,0,1,1,1,1,1,0,0,0,-2,4,Male,60,0
491,1,1,0,1,0,1,1,1,0,0,0,3,12,Male,38,1
492,1,1,0,1,1,1,0,1,1,0,0,3,4,Male,29,1
493,0,0,0,1,1,1,0,0,1,0,0,-5,0,Male,69,0
494,0,1,0,1,1,1,1,0,0,0,0,2,1,Male,64,1
495,0,1,0,1,1,1,0,0,0,0,1,-5,0,Male,40,0
496,1,1,0,1,1,1,0,1,1,0,0,1,12,Male,42,1
497,1,1,0,1,0,1,1,1,0,0,0,-5,12,Female,64,0
498,1,1,0,1,1,1,0,1,1,1,0,5,48,Male,22,1
499,1,1,0,1,1,1,1,1,0,0,0,2,4,Female,57,1
500,1,1,0,1,1,1,0,1,1,0,0,2,4,Female,28,1
501,1,1,0,1,0,1,1,1,0,1,0,5,12,Female,41,1
502,1,1,1,1,1,1,0,1,1,0,0,0,96,Male,56,1
503,1,1,0,0,0,1,1,1,0,1,0,3,12,Female,50,1
504,0,1,0,1,1,1,1,0,1,0,1,-5,0,Male,68,0
505,0,1,0,1,0,1,0,1,1,0,1,-5,1,Male,62,0
506,1,1,0,1,1,1,1,1,0,0,0,4,4,Female,58,1
507,1,1,0,0,0,1,1,1,0,1,0,5,96,Male,47,1
508,1,1,0,1,0,1,0,1,1,1,0,3,12,Female,35,1
509,1,1,1,1,0,1,1,1,0,0,0,4,12,Male,58,1
510,1,1,0,1,1,1,1,1,0,0,0,5,48,Female,21,1
511,1,1,0,1,0,1,1,1,0,1,0,3,4,Female,53,1
512,1,1,0,1,0,1,1,1,0,1,0,5,12,Female,38,1
513,1,1,0,1,0,1,0,1,1,0,0,5,12,Male,59,1
514,1,1,0,1,1,1,0,1,1,0,0,4,48,Female,39,1
515,1,1,0,1,1,1,0,1,0,0,0,2,4,Female,36,1
516,1,1,0,1,1,1,1,1,0,0,0,5,96,Female,26,1
517,0,1,0,1,0,1,0,1,1,0,0,-1,48,Male,53,0
518,1,1,0,0,0,1,1,1,0,1,0,5,12,Female,64,1
519,0,1,0,1,1,1,0,1,1,1,1,-3,4,Female,56,0
520,0,1,0,1,1,1,0,0,1,0,0,-5,0,Male,65,0
521,0,0,0,0,1,0,0,0,0,0,1,-5,0,Male,40,0
522,1,1,0,0,0,1,1,1,0,1,0,5,12,Male,68,1
523,1,1,0,1,0,1,1,1,0,0,0,4,96,Male,65,1
524,1,1,0,1,1,1,1,1,0,0,0,2,12,Female,52,1
525,0,1,0,1,0,1,1,0,0,1,0,-4,1,Female,37,0
526,0,0,0,1,1,1,1,0,1,0,1,-5,1,Male,32,0
527,1,1,1,1,0,1,1,1,0,0,0,5,48,Female,51,1
528,1,1,0,1,1,1,1,1,0,1,0,3,4,Female,52,1
529,1,1,0,0,0,1,0,1,1,1,0,4,4,Female,57,1
530,1,1,0,1,0,1,1,1,0,1,0,5,4,Female,55,1
531,0,1,0,1,0,1,0,1,1,0,0,0,12,Female,38,1
532,0,1,0,1,1,1,1,0,0,0,0,2,48,Female,44,1
533,1,1,0,1,0,1,0,1,1,0,0,3,1,Female,56,1
534,0,1,0,1,1,0,0,0,0,0,0,1,1,Female,67,1
535,1,1,0,1,0,1,0,1,0,1,0,3,12,Female,43,1
536,0,1,0,1,0,1,1,1,0,0,0,1,4,Male,39,1
537,1,1,0,1,1,1,1,1,0,0,0,2,48,Female,27,1
538,1,1,0,1,1,1,0,1,0,0,0,1,1,Female,29,1
539,0,1,0,0,1,1,1,0,0,0,0,-1,1,Male,24,0
540,0,1,0,1,1,1,0,0,1,0,1,-5,4,Male,37,0
541,1,1,0,1,1,1,0,1,1,0,1,1,12,Female,22,1
542,0,1,0,1,0,1,0,1,1,1,1,-2,0,Female,55,0
543,0,1,0,1,1,1,1,0,0,0,0,-2,1,Male,50,0
544,1,0,0,0,0,1,0,1,1,1,0,1,12,Male,26,1
545,0,1,0,1,0,1,1,1,0,0,0,0,4,Female,55,1
546,1,1,0,1,0,1,1,1,0,0,0,2,12,Female,48,1
547,1,1,0,1,0,1,0,1,1,0,0,4,48,Female,25,1
548,1,1,0,1,1,1,1,1,1,0,0,4,96,Male,32,1
549,0,1,0,1,1,1,0,0,1,0,1,1,4,Female,28,1
550,0,1,0,1,0,1,1,0,0,0,0,-1,1,Female,52,0
551,1,1,0,1,0,1,1,0,0,0,0,1,48,Male,30,1
552,1,1,0,1,0,1,1,1,0,0,0,-2,1,Female,52,0
553,1,1,0,0,0,1,1,1,0,0,0,4,12,Female,55,1
554,0,0,0,1,1,1,0,0,1,0,1,-5,1,Female,35,0
555,1,1,0,1,0,1,1,1,0,0,0,3,48,Male,29,1
556,1,1,0,1,1,1,1,1,0,0,0,2,1,Male,55,1
557,0,1,0,1,1,1,1,1,0,0,1,1,4,Female,50,1
558,0,1,0,1,1,1,1,0,0,0,1,-2,48,Male,34,0
559,0,1,0,1,0,1,1,1,0,0,0,0,0,Female,59,1
560,1,1,1,0,0,1,0,1,1,1,0,4,48,Male,40,1
561,1,1,0,1,0,1,1,1,0,0,0,3,12,Female,39,1
562,0,1,0,1,1,0,0,1,0,1,0,0,4,Female,46,1
563,1,1,0,0,0,0,1,1,0,0,0,5,48,Male,25,1
564,0,1,0,1,1,0,0,0,1,0,1,-3,4,Male,48,0
565,1,1,0,1,0,1,1,1,0,0,0,3,48,Female,56,1
566,0,1,0,1,1,1,1,0,0,0,1,-3,1,Female,46,0
567,1,1,1,1,0,1,1,1,0,1,0,5,48,Male,44,1
568,0,1,0,0,0,1,1,0,0,1,1,-5,1,Female,55,0
569,1,1,0,1,1,1,1,1,0,0,0,3,96,Male,63,1
570,0,1,0,1,1,1,0,1,1,0,0,1,4,Male,58,1
571,1,1,0,1,1,1,1,1,0,0,0,4,12,Male,18,1
572,0,1,0,1,0,1,0,1,1,0,0,0,4,Male,60,1
573,0,1,0,1,0,1,1,0,0,0,0,-5,1,Female,63,0
574,1,1,0,1,1,1,1,1,0,0,0,3,12,Female,30,1
575,0,1,0,1,1,0,0,0,1,0,0,-5,0,Female,67,0
576,0,0,0,1,1,1,0,0,1,0,0,-5,0,Female,65,0
577,1,1,1,1,1,1,1,1,0,1,0,3,12,Female,61,1
578,0,1,0,1,0,1,0,1,0,0,0,2,48,Male,52,1
579,1,1,0,1,1,1,0,1,1,0,0,-3,1,Female,23,0
580,0,1,0,1,1,0,0,0,1,0,1,-4,4,Female,41,0
581,1,1,0,1,1,1,1,1,0,0,1,0,4,Male,57,1
582,0,1,0,1,0,1,1,0,0,0,0,0,1,Female,46,1
583,1,1,0,1,1,1,0,1,1,0,0,-2,4,Male,36,0
584,0,0,0,1,1,1,1,0,1,1,1,-5,0,Male,54,0
585,1,1,0,1,1,1,1,1,0,0,0,2,12,Male,37,1
586,1,1,0,1,1,1,1,1,0,0,0,5,48,Female,33,1
587,1,1,0,1,1,0,1,1,0,0,0,3,48,Male,26,1
588,1,1,0,0,0,0,0,1,1,1,0,4,48,Male,27,1
589,0,1,0,1,0,1,1,0,0,0,1,-5,1,Male,34,0
590,1,1,0,1,0,0,1,1,0,0,0,2,12,Male,49,1
591,1,1,0,1,0,1,1,1,0,1,0,3,48,Female,34,1
592,0,1,0,1,1,1,1,0,0,0,1,3,12,Female,37,1
593,0,1,0,1,1,1,0,0,0,1,0,-4,1,Male,62,0
594,0,1,0,1,0,1,1,0,0,0,0,2,12,Male,54,1
595,0,1,1,1,1,1,1,1,1,1,0,-3,1,Female,37,0
596,1,1,1,1,1,1,1,1,0,0,0,1,4,Male,57,1
597,0,0,0,1,1,0,0,0,1,0,1,-1,4,Male,48,0
598,0,1,0,1,1,1,1,0,0,0,1,-5,0,Female,59,0
599,1,1,0,1,0,1,1,1,0,1,0,4,12,Female,52,1
600,0,1,0,1,1,1,1,1,0,0,0,1,4,Female,36,1
601,0,1,0,1,1,1,1,0,0,0,0,-3,4,Male,35,0
602,0,1,0,1,1,1,0,0,1,0,1,-4,1,Male,43,0
603,0,1,0,1,0,1,1,0,0,0,1,-4,0,Female,60,0
604,0,1,0,1,1,1,1,0,0,0,0,-3,0,Female,32,0
605,1,1,0,1,0,1,1,1,0,0,0,4,48,Male,62,1
606,1,1,0,1,1,1,0,1,1,0,0,4,12,Male,45,1
607,1,1,0,1,0,1,1,1,0,0,0,4,12,Male,45,1
608,0,0,0,0,0,0,0,0,1,0,1,-5,12,Male,34,0
609,0,1,0,1,0,1,1,0,0,0,1,-5,1,Male,55,0
610,0,1,1,1,0,1,0,1,0,0,1,-1,4,Male,36,0
611,0,1,0,0,0,1,1,0,0,0,0,0,1,Male,29,1
612,0,1,0,1,0,1,1,0,0,0,1,-5,12,Female,64,0
613,0,1,0,1,0,1,1,0,0,0,0,-3,12,Female,66,0
614,0,1,0,1,0,1,0,1,0,0,0,3,12,Female,49,1
615,1,1,0,1,0,1,1,1,0,0,0,2,4,Female,25,1
616,0,1,0,1,0,1,1,1,0,1,0,2,12,Female,58,1
617,0,1,0,1,0,1,1,1,0,0,0,2,1,Female,56,1
618,1,1,0,0,0,1,1,1,1,0,0,3,4,Female,29,1
619,0,1,0,1,1,1,1,1,0,0,0,-1,1,Female,70,0
620,0,1,0,1,1,1,1,0,0,0,1,-3,4,Female,37,0
621,1,1,0,1,0,1,0,1,1,0,0,2,48,Male,38,1
622,1,1,0,1,0,1,1,1,0,1,0,0,1,Female,59,1
623,0,1,0,1,1,1,1,0,0,0,0,-3,4,Female,20,0
624,1,1,0,0,0,1,1,1,0,1,0,5,12,Female,69,1
625,0,1,0,1,1,1,0,1,1,0,0,1,12,Female,66,1
626,0,1,0,1,0,1,1,1,0,0,0,2,12,Female,53,1
627,0,0,0,1,1,1,1,0,0,0,1,-5,0,Female,60,0
628,1,1,0,1,0,1,1,1,0,0,0,3,48,Female,38,1
629,0,1,0,1,1,0,0,0,1,0,1,0,4,Female,34,0
630,1,1,1,1,0,1,0,1,0,0,0,2,4,Female,45,1
631,1,1,0,1,0,1,1,1,0,0,0,3,4,Male,30,1
632,0,0,0,1,1,1,0,0,1,0,1,-5,0,Male,38,0
633,1,1,0,0,0,1,0,0,0,0,0,1,12,Male,55,1
634,1,1,0,1,0,1,0,1,0,0,0,2,12,Female,35,1
635,0,1,0,0,0,1,1,1,0,0,0,-3,1,Female,49,0
636,0,1,0,1,1,1,1,0,0,0,0,0,1,Female,60,1
637,0,0,0,1,1,0,1,0,0,1,0,-2,4,Female,48,0
638,1,1,0,1,0,1,1,1,0,0,0,2,12,Female,43,1
639,1,1,0,1,1,1,0,1,1,0,0,-4,1,Male,39,0
640,1,1,0,1,0,1,1,1,0,0,0,0,48,Male,23,1
641,1,1,0,1,1,1,1,1,0,0,0,4,12,Female,51,1
642,0,1,0,1,1,1,1,0,0,0,1,-5,0,Female,21,0
643,1,1,0,1,0,1,1,1,0,0,0,0,1,Female,70,1
644,0,1,0,1,0,1,0,0,1,0,1,-5,1,Male,56,0
645,0,0,0,1,0,0,0,0,1,0,1,-1,1,Female,33,0
646,1,1,0,1,0,1,1,1,0,0,0,3,4,Male,58,1
647,1,1,0,1,1,0,0,1,1,0,0,3,12,Female,23,1
648,1,1,1,1,0,1,1,1,0,0,0,0,4,Female,63,1
649,1,1,0,1,0,1,0,1,1,0,0,2,12,Female,33,1
650,0,1,0,0,0,0,0,1,1,1,0,1,1,Female,51,1
651,1,1,0,1,0,1,0,1,1,0,0,5,12,Male,27,1
652,1,1,0,0,0,1,1,1,0,1,0,2,12,Male,51,1
653,0,0,0,0,0,0,0,0,0,0,0,-3,0,Male,69,0
654,1,1,0,0,0,1,1,1,0,0,0,2,4,Female,59,1
655,1,1,0,1,0,1,1,1,0,0,0,3,12,Male,40,1
656,1,1,0,1,1,1,1,1,0,0,0,5,12,Female,20,1
657,0,1,0,1,1,1,1,0,0,0,1,-5,0,Male,28,0
658,1,1,0,1,1,0,0,1,1,0,0,1,12,Male,31,1
659,1,1,0,1,1,1,0,1,1,0,0,2,4,Female,32,1
660,1,1,0,1,0,1,0,1,0,0,0,3,48,Female,34,1
661,0,1,0,1,1,1,1,0,1,0,1,-3,48,Male,62,0
662,1,1,0,1,1,1,1,1,0,1,0,0,4,Female,33,1
663,0,1,0,1,0,1,0,1,1,0,1,-1,12,Female,51,0
664,1,1,0,1,1,1,1,1,0,0,0,4,4,Male,36,1
665,1,1,0,1,0,1,0,1,0,0,0,4,12,Female,22,1
666,0,0,0,0,0,0,0,0,1,0,1,-5,0,Female,51,0
667,0,1,0,1,1,1,0,1,1,0,1,-5,0,Male,42,0
668,1,1,0,0,1,1,1,1,0,1,0,2,12,Male,24,1
669,1,1,0,1,1,1,0,1,1,0,0,3,12,Male,18,1
670,0,1,0,1,1,1,1,0,0,0,1,-5,1,Female,26,0
671,0,1,1,1,1,1,1,0,0,1,0,0,0,Male,57,1
672,1,1,0,1,0,1,1,1,0,1,0,1,48,Male,59,1
673,1,1,0,1,1,1,0,1,1,0,0,0,4,Female,38,1
674,1,1,0,1,1,1,1,1,0,0,0,5,96,Female,26,1
675,1,1,0,1,0,1,1,1,0,1,0,2,12,Male,31,1
676,1,1,0,1,1,1,1,0,0,0,0,2,1,Female,27,1
677,0,1,1,1,1,1,0,1,1,0,0,-3,0,Male,55,0
678,1,1,0,0,0,1,1,1,0,1,0,4,96,Male,47,1
679,0,0,0,1,1,0,0,0,1,0,1,-4,0,Male,52,0
680,1,1,0,1,0,1,1,1,0,1,0,5,48,Male,58,1
681,1,1,0,1,1,1,1,1,0,0,0,2,4,Female,30,1
682,1,1,0,1,1,1,0,1,1,0,0,-1,4,Female,38,0
683,1,1,0,1,0,1,1,1,0,0,0,4,48,Female,49,1
684,1,1,0,1,0,1,0,0,0,0,0,3,12,Male,37,1
685,1,1,0,1,1,1,0,0,1,0,0,3,12,Male,39,1
686,1,1,0,1,0,1,1,1,0,0,0,4,48,Male,60,1
687,1,1,0,1,0,0,1,1,0,0,0,3,48,Male,50,1
688,1,1,0,1,0,1,1,1,0,0,0,4,48,Male,25,1
689,0,1,0,1,1,1,1,0,0,0,1,-4,0,Male,64,0
690,0,0,0,1,0,0,0,0,1,0,1,-3,1,Male,62,0
691,0,1,0,1,1,1,1,0,0,0,1,-2,1,Male,37,0
692,1,1,0,0,0,1,0,0,1,1,0,2,4,Male,68,1
693,1,1,0,1,1,1,1,1,0,0,0,2,12,Female,24,1
694,1,1,1,0,1,1,1,1,0,1,0,1,48,Male,26,1
695,0,1,0,1,1,1,0,0,1,0,0,2,12,Female,49,1
696,0,1,0,0,0,0,0,0,1,0,0,-2,48,Male,43,0
697,1,1,0,1,1,1,1,1,0,0,1,4,12,Female,53,1
698,1,1,0,1,1,1,1,1,0,0,0,2,12,Male,41,1
699,0,1,0,1,1,1,1,0,0,0,1,-5,4,Female,35,0
700,0,0,0,1,1,0,0,0,1,0,1,-5,0,Male,60,0
701,1,1,0,1,1,1,1,1,0,0,0,2,48,Male,35,1
702,0,1,0,1,1,1,0,0,1,0,1,0,4,Male,54,0
703,1,1,0,1,1,1,1,1,1,0,0,4,48,Female,23,1
704,0,1,0,0,1,1,1,0,0,1,0,0,1,Female,41,1
705,0,1,0,1,1,0,0,0,1,0,1,-5,1,Female,57,0
706,0,0,0,1,0,1,1,0,0,0,1,-5,0,Female,64,0
707,1,1,0,1,1,1,1,1,0,0,0,2,12,Female,59,1
708,1,1,0,1,0,1,1,1,0,0,0,4,12,Female,38,1
709,0,1,0,1,0,1,1,1,0,0,0,1,4,Male,66,1
710,1,1,0,1,0,1,1,1,0,0,0,4,48,Female,49,1
711,1,1,1,1,1,1,0,1,1,0,0,0,4,Female,48,1
712,0,1,0,1,1,0,0,0,1,0,0,-5,1,Female,63,0
713,1,1,0,1,0,1,1,1,0,0,0,1,4,Female,64,1
714,0,1,0,1,1,1,1,0,0,0,0,-1,4,Female,56,0
715,1,1,0,1,0,1,1,1,0,0,0,3,96,Female,24,1
716,0,0,0,1,0,1,1,0,0,0,1,0,1,Female,57,1
717,0,0,0,1,1,1,1,0,0,1,1,-4,1,Male,59,0
718,1,1,0,1,0,1,1,1,0,1,0,4,12,Female,39,1
719,1,1,0,1,0,1,1,1,0,1,0,5,48,Female,37,1
720,1,1,1,0,0,1,1,1,0,1,0,0,1,Male,65,1
721,0,1,0,1,0,1,0,0,0,0,1,-5,4,Male,55,0
722,1,1,0,1,1,1,1,1,0,0,0,-2,1,Female,34,0
723,0,1,0,1,0,1,1,0,0,0,0,1,48,Female,31,1
724,1,1,0,1,1,1,1,1,0,1,0,0,12,Female,23,1
725,0,1,0,1,1,1,1,0,0,0,0,0,12,Female,42,1
726,1,1,0,1,1,1,0,1,1,0,0,1,1,Male,31,1
727,0,1,0,1,0,1,1,1,0,0,0,1,12,Female,32,1
728,0,1,0,1,0,1,0,0,1,0,0,0,4,Female,49,1
729,0,1,0,0,1,1,1,0,0,0,1,0,12,Male,59,1
730,1,1,0,1,1,1,0,0,0,0,0,5,96,Female,21,1
731,1,1,0,1,0,1,0,1,1,0,0,3,12,Female,25,1
732,0,1,0,1,1,1,1,0,0,0,0,2,12,Male,24,1
733,0,1,0,1,0,1,1,1,0,0,0,-5,0,Male,58,0
734,0,1,0,1,0,1,0,0,1,0,0,0,4,Male,54,1
735,0,0,0,1,1,1,0,0,1,0,1,-5,0,Male,62,0
736,0,1,0,1,1,1,0,0,1,0,0,3,12,Male,31,1
737,1,1,0,1,1,1,1,1,1,1,1,1,12,Female,21,1
738,0,1,0,1,0,1,1,0,0,0,0,2,12,Male,48,1
739,1,1,1,1,1,1,1,1,0,0,1,0,4,Female,30,1
740,1,1,0,1,1,1,1,1,0,0,1,2,48,Female,36,1
741,1,1,0,1,1,1,1,1,0,0,0,2,4,Female,21,1
742,0,1,0,1,1,1,1,0,0,0,0,2,4,Female,63,1
743,1,1,0,1,1,0,1,0,0,1,0,1,48,Male,33,1
744,1,1,0,1,1,1,1,1,0,0,0,5,48,Female,18,1
745,1,1,0,1,1,1,1,1,0,0,0,2,12,Male,20,1
746,0,1,0,1,1,1,1,1,0,0,0,0,12,Female,56,1
747,1,1,0,1,1,1,1,1,0,1,0,3,4,Female,38,1
748,0,1,0,1,0,1,1,0,0,0,0,1,4,Male,43,1
749,0,1,0,1,1,1,0,1,1,0,1,0,4,Male,18,1
750,0,1,0,1,1,1,1,0,1,0,0,3,48,Male,19,1
751,0,1,1,1,0,1,0,0,1,0,1,-2,4,Male,43,0
752,0,0,0,1,1,1,0,0,1,0,1,-5,0,Male,50,0
753,1,1,0,1,1,1,0,0,1,0,0,-3,12,Female,54,0
754,1,1,0,1,1,1,1,1,0,0,0,2,48,Male,23,1
755,0,1,0,1,1,1,1,1,1,0,1,0,4,Male,40,1
756,1,1,1,1,0,1,0,1,1,1,0,2,4,Female,52,1
757,0,1,0,1,0,1,1,0,0,0,0,0,4,Male,35,1
758,0,1,0,1,0,1,0,0,1,0,0,1,12,Male,41,1
759,0,0,0,1,1,1,0,0,1,0,1,-4,1,Male,60,0
760,1,1,0,1,0,1,1,1,0,1,0,3,4,Female,66,1
761,0,1,1,1,1,1,1,1,0,1,0,-1,4,Male,45,0
762,0,1,0,1,1,0,0,0,1,0,1,-5,12,Male,39,0
763,0,1,1,1,1,1,1,1,1,0,0,1,1,Female,49,1
764,1,1,0,1,1,1,1,1,0,0,0,1,12,Female,58,1
765,1,1,0,0,0,1,1,1,0,1,0,3,4,Female,32,1
766,1,1,0,1,0,0,0,1,1,1,0,3,12,Female,34,1
767,0,1,0,1,1,1,1,0,0,0,1,-2,12,Female,50,0
768,0,1,0,1,0,1,0,0,0,0,1,-5,0,Female,58,0
769,0,1,0,1,1,1,1,1,0,0,1,-3,1,Female,34,0
770,1,1,0,1,0,1,1,1,0,0,0,3,4,Female,53,1
771,1,1,0,1,0,1,0,1,1,0,0,3,12,Male,46,1
772,1,1,0,1,1,0,0,0,1,0,0,0,1,Female,54,1
773,1,1,0,1,0,1,1,1,0,0,0,4,12,Male,29,1
774,1,1,0,1,0,1,1,1,0,0,0,4,12,Female,38,1
775,1,1,0,1,1,1,1,0,1,1,0,2,4,Female,52,1
776,1,1,0,1,1,1,0,1,1,0,0,1,12,Female,32,1
777,0,1,1,1,1,1,1,1,0,0,0,2,12,Female,65,1
778,1,1,0,1,0,1,0,0,0,0,0,0,4,Male,44,1
779,0,1,0,1,0,1,1,0,0,1,0,-1,12,Male,42,0
780,1,1,0,1,0,1,0,1,1,0,0,4,12,Female,37,1
781,1,1,0,1,0,0,0,1,1,0,0,0,96,Male,24,1
782,0,1,1,1,1,1,0,1,0,0,1,0,0,Female,69,1
783,0,1,1,1,1,1,1,1,0,0,1,0,12,Male,39,1
784,1,0,0,0,0,1,0,1,0,1,0,4,12,Male,55,1
785,1,1,0,1,1,1,0,1,1,0,0,2,4,Female,47,1
786,1,1,0,1,0,1,0,1,1,1,0,5,12,Female,46,1
787,1,1,0,1,0,1,0,1,1,0,0,0,4,Female,63,1
788,0,0,0,1,1,1,1,0,0,0,1,-4,0,Female,64,0
789,1,1,0,1,1,1,0,0,1,0,1,3,4,Female,34,1
790,0,1,0,1,1,1,0,0,1,0,1,-2,48,Male,30,0
791,1,1,0,1,1,1,1,1,0,0,0,2,1,Female,37,1
792,1,1,0,1,0,1,0,1,1,1,0,4,12,Male,48,1
793,1,1,0,1,1,1,1,1,0,1,0,3,12,Female,32,1
794,0,1,0,1,1,1,0,1,0,0,0,-1,1,Female,24,0
795,1,1,1,0,0,1,1,1,0,1,0,4,4,Male,65,1
796,0,1,0,1,1,1,1,0,0,0,0,-3,4,Male,64,0
797,0,1,0,0,0,1,0,0,0,0,0,0,4,Male,64,1
798,1,1,0,1,0,1,1,1,0,1,0,2,12,Male,50,1
799,1,1,0,1,0,1,0,1,1,0,0,2,12,Male,55,1
800,0,1,1,1,1,1,1,0,0,0,0,-2,1,Male,70,0
801,0,0,0,1,1,0,1,0,0,0,1,-2,0,Female,35,0
802,0,0,0,0,0,0,0,0,0,0,0,-5,0,Male,24,0
803,0,1,0,1,1,1,0,0,1,0,1,-5,1,Male,18,0
804,1,1,0,1,1,1,1,1,0,0,0,4,12,Female,30,1
805,0,1,0,1,1,1,0,0,0,0,1,-3,1,Male,59,0
806,1,1,0,1,0,1,0,1,1,0,0,3,12,Male,64,1
807,0,1,1,1,1,1,1,1,0,0,0,-3,1,Male,62,0
808,0,1,0,1,0,0,0,0,1,0,0,-3,1,Female,63,0
809,1,1,0,1,1,0,0,1,0,0,0,3,48,Male,36,1
810,0,1,0,1,1,0,0,0,1,0,0,0,4,Male,32,1
811,1,0,0,0,1,1,0,1,1,0,0,5,48,Female,61,1
812,1,1,0,1,0,1,0,1,1,0,0,4,48,Female,42,1
813,1,1,0,1,0,1,1,1,0,0,0,5,12,Female,43,1
814,0,1,0,1,0,0,0,0,0,0,0,0,1,Female,44,1
815,0,0,0,1,1,1,0,1,1,0,0,2,48,Male,19,1
816,0,1,0,1,1,1,0,1,1,0,0,1,4,Female,53,1
817,1,1,0,1,0,1,1,1,0,0,0,2,4,Male,32,1
818,0,1,0,1,1,1,0,0,1,0,0,0,12,Female,52,1
819,0,1,0,1,0,1,1,0,0,0,1,-3,0,Male,60,0
820,0,1,0,1,1,1,0,0,1,0,0,-1,4,Female,53,0
821,0,1,0,1,1,1,1,0,0,0,1,-5,1,Female,33,0
822,1,0,1,0,0,0,0,0,1,1,0,5,12,Female,40,1
823,1,1,0,1,0,1,0,1,1,0,0,-2,1,Male,63,0
824,1,1,1,0,0,1,1,1,0,1,0,3,48,Male,47,1
825,1,1,0,1,0,1,0,1,0,0,0,3,12,Female,25,1
826,0,1,0,1,0,1,1,0,0,0,0,-3,4,Male,38,0
827,1,1,0,1,1,1,1,1,0,0,0,5,48,Female,28,1
828,0,1,0,1,1,1,0,0,1,1,0,0,1,Male,57,1
829,1,1,0,1,0,1,1,1,0,1,0,4,48,Female,56,1
830,1,1,0,1,1,1,0,1,1,0,0,3,4,Male,35,1
831,0,0,0,1,1,1,0,0,1,0,1,-3,1,Male,62,0
832,1,1,0,1,0,1,0,1,1,0,0,1,4,Female,37,1
833,0,1,0,1,1,1,1,0,0,1,0,1,48,Male,63,1
834,0,1,1,0,0,1,0,0,1,1,0,1,1,Male,57,1
835,0,1,0,1,1,1,1,0,0,0,0,-1,1,Female,53,0
836,0,1,0,1,1,1,1,0,0,0,1,2,48,Female,49,1
837,0,1,1,1,1,1,1,1,0,0,0,1,0,Male,56,1
838,0,1,1,1,0,1,1,1,0,0,0,1,12,Male,50,1
839,1,1,0,1,0,1,1,1,0,0,0,4,1,Female,59,1
840,1,1,0,1,0,1,1,1,0,1,0,5,12,Female,32,1
841,1,1,0,1,0,1,0,1,0,0,0,4,12,Female,44,1
842,0,1,0,1,1,1,0,0,1,0,0,1,12,Female,34,1
843,0,1,0,1,0,1,1,0,0,0,1,0,1,Female,51,1
844,1,1,0,1,1,1,1,1,0,0,0,1,12,Male,33,1
845,1,1,0,1,1,1,1,1,0,1,0,2,12,Female,36,1
846,1,1,0,1,1,1,0,1,1,1,0,3,96,Female,24,1
847,1,1,0,1,0,1,1,1,0,0,0,3,12,Female,42,1
848,0,1,0,1,1,1,0,0,1,0,1,-5,0,Male,45,0
849,0,1,0,1,1,1,0,0,1,0,1,0,4,Female,48,0
850,1,1,0,1,0,1,1,1,0,0,0,5,96,Female,34,1
851,1,1,0,1,0,1,1,1,0,0,0,5,48,Female,28,1
852,0,0,0,0,0,0,0,0,0,0,0,0,1,Female,55,1
853,1,1,0,1,1,1,1,1,0,1,0,2,4,Female,29,1
854,1,1,0,0,0,1,1,1,0,1,0,5,12,Female,40,1
855,1,1,0,1,1,1,0,1,1,0,0,0,4,Male,44,1
856,0,1,1,1,1,1,0,0,1,0,1,-5,1,Male,49,0
857,1,1,0,1,0,1,1,1,0,0,0,3,12,Male,29,1
858,1,1,0,1,1,1,1,1,0,0,0,4,48,Male,40,1
859,0,0,0,1,0,1,1,0,1,0,0,3,96,Male,30,1
860,1,1,0,1,0,1,1,1,0,0,0,2,12,Male,34,1
861,1,1,1,1,1,1,1,1,0,0,0,1,4,Male,60,1
862,0,1,0,1,0,1,1,1,0,0,0,2,12,Male,66,1
863,1,1,0,0,0,1,0,1,1,1,0,3,4,Male,51,1
864,0,0,0,1,1,1,1,0,0,0,1,-5,1,Male,44,0
865,1,1,0,0,0,1,1,1,0,1,0,3,1,Male,64,1
866,1,1,0,0,0,1,1,0,1,1,0,3,4,Female,37,1
867,0,0,0,1,1,0,0,0,1,0,1,-5,0,Male,51,0
868,1,1,0,1,0,1,1,1,0,0,0,4,48,Male,30,1
869,0,1,1,1,1,1,1,0,0,1,1,-4,1,Male,53,0
870,0,0,0,1,1,0,1,1,0,0,0,1,12,Male,48,1
871,0,1,0,1,1,1,0,0,1,0,0,-2,1,Female,67,0
872,0,1,0,1,1,1,0,0,1,0,1,-5,0,Male,39,0
873,1,1,0,1,0,1,1,1,0,1,0,3,4,Female,67,1
874,0,1,0,1,1,1,0,0,0,0,1,-3,0,Male,61,0
875,0,1,0,1,0,0,0,1,1,0,0,2,4,Male,57,1
876,0,1,0,1,0,0,1,0,0,0,1,-5,1,Male,64,0
877,0,1,0,1,1,1,1,1,0,0,1,-4,1,Female,64,0
878,1,1,0,1,1,1,1,1,1,1,0,4,48,Female,34,1
879,1,1,1,1,1,1,1,1,1,1,0,4,48,Male,45,1
880,1,1,0,1,0,1,1,1,0,0,0,3,12,Male,34,1
881,0,1,0,1,1,1,1,0,0,0,1,-5,1,Male,67,0
882,0,0,0,1,0,1,0,0,0,0,1,-5,0,Female,38,0
883,1,1,0,1,1,1,1,1,1,0,0,2,48,Male,22,1
884,1,1,1,0,0,1,1,1,0,0,0,5,48,Female,57,1
885,1,1,0,0,0,1,1,1,0,0,0,2,4,Female,65,1
886,0,1,0,1,1,1,0,0,0,0,0,-2,1,Male,63,0
887,0,1,0,1,1,1,0,0,1,0,1,0,1,Male,49,0
888,0,1,0,1,1,1,1,0,0,0,1,-2,1,Male,36,0
889,0,0,1,1,1,0,0,0,0,1,1,-1,0,Female,60,0
890,0,1,0,1,1,1,0,0,1,0,1,-3,1,Female,62,0
891,1,1,0,1,0,1,1,1,1,0,0,5,48,Male,55,1
892,1,1,0,1,0,1,0,1,0,0,0,3,12,Female,41,1
893,0,1,0,1,1,1,0,0,1,0,1,-2,96,Male,46,0
894,1,1,0,1,0,1,1,1,0,0,0,3,12,Female,51,1
895,1,1,0,0,0,1,0,1,0,1,0,5,4,Female,61,1
896,1,1,0,1,0,1,0,1,1,1,0,3,48,Female,38,1
897,0,1,0,1,1,1,0,0,1,0,1,-4,0,Female,59,0
898,1,1,0,0,0,1,0,1,0,1,0,4,12,Male,36,1
899,0,1,0,1,1,1,1,0,0,0,0,0,0,Female,62,1
900,0,1,1,1,1,1,0,1,1,0,0,0,12,Male,58,1
901,1,1,0,1,1,1,1,1,0,0,0,4,48,Female,23,1
902,0,1,0,1,0,1,0,0,1,0,1,-5,4,Female,50,0
903,1,1,0,1,0,1,0,1,1,0,0,4,12,Female,25,1
904,0,1,0,1,0,1,1,1,0,0,0,1,12,Male,55,1
905,0,1,0,1,1,1,1,0,1,0,1,-5,1,Male,48,0
906,0,0,0,1,0,1,0,0,0,0,1,-5,0,Female,62,0
907,1,1,0,1,0,1,1,1,0,0,0,2,4,Female,61,1
908,1,1,0,1,1,1,0,1,1,0,0,4,96,Female,32,1
909,0,1,0,0,0,1,1,0,0,1,0,0,4,Male,49,1
910,1,1,1,1,1,1,1,1,1,1,1,3,12,Male,20,1
911,0,1,0,1,1,1,0,0,1,0,1,1,4,Female,43,1
912,0,0,0,0,0,1,1,0,0,0,0,-5,0,Female,63,0
913,1,1,0,0,0,1,1,1,0,1,0,4,12,Female,60,1
914,0,1,0,1,0,1,1,0,0,0,0,1,1,Female,68,1
915,1,1,0,1,0,1,1,1,0,0,0,3,12,Male,64,1
916,0,1,0,1,1,1,1,0,0,0,1,-5,1,Male,57,0
917,1,1,0,0,0,1,1,1,0,0,0,4,12,Male,71,1
918,1,1,0,1,1,1,1,1,0,0,1,3,4,Female,30,1
919,1,1,0,0,0,1,1,1,0,1,0,5,96,Male,61,1
920,1,0,0,0,0,1,1,1,0,0,0,1,12,Female,55,1
921,1,1,0,0,0,1,0,0,1,0,0,-3,12,Male,53,0
922,1,1,0,1,0,1,0,1,1,0,0,4,4,Male,45,1
923,1,1,0,1,0,1,1,1,0,0,0,3,12,Male,41,1
924,1,1,0,1,1,1,0,1,1,1,0,3,4,Male,30,1
925,0,1,0,1,0,1,1,0,0,0,0,2,48,Female,42,1
926,1,1,0,0,0,1,1,1,0,0,0,3,48,Female,22,1
927,1,1,0,1,0,1,1,1,0,0,0,3,4,Female,46,1
928,1,1,0,1,0,1,0,1,0,0,0,5,12,Male,43,1
929,1,1,0,0,0,1,1,1,0,1,0,5,12,Female,33,1
930,1,1,0,1,1,1,1,1,0,0,0,-2,0,Female,19,0
931,1,1,0,1,1,1,0,1,1,0,0,4,12,Male,24,1
932,0,1,0,1,1,1,1,0,1,0,1,-4,1,Male,58,0
933,0,1,0,1,0,1,0,0,1,0,0,0,4,Male,59,1
934,1,1,0,1,0,1,1,1,0,0,0,3,12,Female,31,1
935,0,1,0,1,1,1,0,0,1,0,0,2,12,Female,37,1
936,0,1,1,1,1,1,1,1,0,0,0,2,12,Male,56,1
937,0,1,0,1,1,1,1,1,0,0,0,-2,4,Male,52,0
938,0,0,0,1,1,1,1,0,0,0,1,-5,0,Male,36,0
939,1,1,0,1,1,1,1,1,0,1,0,4,12,Female,25,1
940,1,1,0,1,1,1,0,1,0,0,1,0,1,Male,20,1
941,1,0,0,1,1,1,0,1,1,0,0,4,12,Female,21,1
942,1,1,0,1,1,1,0,0,1,0,0,-2,48,Female,59,0
943,0,1,0,1,0,1,1,0,0,0,0,-4,1,Female,51,0
944,0,1,0,1,0,1,1,1,0,0,0,2,12,Female,50,1
945,0,1,0,1,0,1,1,0,0,0,0,0,4,Male,63,1
946,1,1,0,1,0,1,1,1,0,0,0,1,4,Female,25,1
947,0,1,0,1,0,1,1,1,0,0,0,1,12,Male,51,1
948,0,1,0,1,1,1,1,1,0,0,0,-1,1,Female,36,0
949,1,1,0,1,1,1,0,1,1,0,0,3,12,Female,31,1
950,0,1,0,1,0,1,1,0,0,0,0,1,12,Male,26,1
951,0,0,0,0,0,0,0,0,0,0,1,-5,1,Male,30,0
952,1,1,0,1,0,1,1,1,0,0,0,2,12,Female,37,1
953,1,1,0,1,1,1,0,0,0,0,1,-1,4,Male,30,0
954,1,1,0,1,1,1,1,1,0,1,0,4,12,Female,30,1
955,0,1,1,0,0,1,0,1,1,0,0,4,4,Female,55,1
956,0,1,0,1,1,1,1,0,0,0,0,1,12,Female,19,1
957,1,1,0,0,0,1,1,1,0,1,0,5,96,Female,23,1
958,0,1,0,1,1,1,1,0,0,0,1,-4,4,Female,26,0
959,0,1,0,1,0,1,1,0,0,0,0,-1,1,Female,59,0
960,1,1,0,0,0,1,0,1,1,1,0,4,48,Male,23,1
961,1,1,0,1,1,1,0,1,0,0,0,4,12,Male,30,1
962,1,1,0,1,1,1,1,1,0,0,0,3,4,Female,18,1
963,0,1,0,0,1,1,1,1,0,0,1,0,1,Male,51,1
964,0,0,0,1,1,1,0,0,1,0,1,2,1,Male,35,1
965,1,1,0,1,1,1,0,1,1,0,1,3,48,Female,43,1
966,0,1,0,1,1,1,0,1,0,0,0,0,1,Female,56,1
967,0,1,0,1,0,1,0,0,1,0,0,2,48,Male,53,1
968,0,1,0,1,1,1,1,0,0,0,0,-3,4,Female,47,0
969,1,1,0,1,1,1,0,1,0,0,0,2,4,Male,65,1
970,0,1,0,1,0,1,0,0,0,0,0,0,0,Male,51,1
971,1,1,0,1,0,1,0,1,1,0,0,2,12,Female,33,1
972,1,1,0,1,1,1,0,1,1,0,0,0,0,Male,61,1
973,1,1,0,1,0,1,1,1,0,0,0,0,12,Female,33,1
974,1,1,0,1,1,1,1,1,0,1,0,0,12,Male,25,1
975,0,1,0,1,1,1,1,1,1,0,1,-5,0,Male,36,0
976,1,1,0,1,0,1,1,1,0,1,0,5,12,Male,47,1
977,1,1,1,1,0,1,1,1,0,1,0,2,12,Female,59,1
978,1,1,0,1,1,1,0,0,1,0,1,-4,1,Female,37,0
979,1,1,1,1,1,1,1,1,0,0,0,0,12,Male,22,1
980,0,1,0,1,1,1,1,0,0,0,1,-3,4,Male,48,0
981,1,1,0,1,0,1,1,1,0,0,1,2,1,Male,70,1
982,0,0,0,1,1,1,1,0,1,0,1,-5,0,Male,51,0
983,0,1,0,1,0,1,1,0,0,0,0,3,12,Female,23,1
984,1,1,1,1,1,1,1,1,1,1,0,5,4,Female,28,1
985,1,1,0,1,1,1,0,1,1,0,1,4,48,Male,39,1
986,0,1,0,0,0,1,0,1,0,1,0,4,4,Female,62,1
987,1,1,0,1,0,1,0,1,1,0,0,5,48,Female,25,1
988,1,1,0,1,1,1,0,0,1,0,0,2,4,Female,27,1
989,0,1,0,0,0,1,0,0,0,0,0,-2,4,Female,59,0
990,0,1,1,1,1,1,1,0,0,0,0,-3,4,Male,65,0
991,0,0,0,0,0,0,0,1,1,0,0,-4,4,Female,54,0
992,1,1,0,1,0,1,1,1,0,1,0,3,4,Male,64,1
993,1,1,0,0,0,1,0,1,0,0,0,2,12,Female,49,1
994,1,1,0,1,1,1,1,1,1,0,0,5,96,Female,22,1
995,1,1,0,1,1,1,1,1,0,0,0,3,12,Male,35,1
996,1,1,0,1,1,1,0,1,1,0,0,4,96,Female,41,1
997,1,1,0,1,0,1,1,1,1,1,1,1,4,Male,32,1
998,1,1,0,1,1,1,0,1,0,0,0,5,48,Female,24,1
999,1,1,0,0,0,1,1,1,0,1,0,5,48,Female,52,1
1000,0,0,0,1,1,1,0,0,1,0,1,-5,1,Male,44,0
1001,1,1,0,1,0,1,1,1,0,0,0,4,12,Female,38,1
1002,1,1,0,1,1,1,1,1,0,0,0,3,48,Female,43,1
1003,1,1,0,1,1,1,1,1,0,0,0,1,1,Female,32,1
1004,0,1,0,1,0,1,0,0,1,0,0,-1,4,Male,38,0
1005,0,1,0,1,1,1,1,0,0,0,0,0,0,Female,63,1
1006,1,1,0,1,0,1,0,1,0,1,0,3,4,Female,46,1
1007,1,1,0,1,0,1,0,1,0,0,1,3,4,Female,29,1
1008,0,0,0,1,1,0,0,0,1,0,1,-5,0,Female,61,0
1009,1,1,0,1,1,0,0,0,1,0,0,2,4,Male,47,1
1010,1,1,0,1,1,1,0,1,1,0,0,3,12,Male,31,1
1011,0,1,0,0,0,1,1,1,0,1,0,3,48,Male,35,1
1012,1,1,0,1,0,1,1,1,0,0,0,3,4,Male,64,1
1013,1,1,0,1,1,1,1,1,0,0,0,2,12,Female,26,1
1014,0,1,1,1,1,1,1,0,0,0,0,-1,1,Female,55,0
1015,1,1,0,1,1,1,1,1,0,0,0,3,96,Female,46,1
1016,1,1,0,0,0,1,1,1,0,0,0,5,12,Male,52,1
1017,0,1,0,1,1,1,0,0,1,0,1,-5,0,Female,50,0
1018,1,1,0,1,1,1,1,1,0,0,0,3,12,Male,33,1
1019,1,1,0,1,0,1,1,1,0,0,0,5,12,Female,30,1
1020,0,1,0,1,0,1,0,0,0,0,0,3,48,Female,46,1
1021,0,1,0,1,0,1,1,0,0,0,1,0,1,Female,60,1
1022,1,1,0,1,0,0,1,1,0,0,0,3,96,Male,27,1
1023,1,1,0,1,0,1,1,1,0,0,0,2,4,Female,51,1
1024,1,1,0,0,0,1,1,1,0,1,0,4,12,Female,41,1
1025,1,1,0,1,0,1,1,1,0,0,0,2,12,Female,67,1
1026,0,0,0,1,1,0,0,0,1,0,1,-5,0,Female,63,0
1027,1,1,0,1,0,1,0,1,0,1,0,3,4,Female,65,1
1028,0,1,0,1,1,0,0,0,1,0,1,0,12,Male,59,1
1029,1,1,0,1,1,1,0,1,1,0,0,0,1,Female,34,1
1030,0,1,0,1,1,1,1,1,0,0,0,0,1,Female,34,1
1031,1,1,0,1,1,1,1,1,0,0,0,4,48,Female,53,1
1032,1,1,0,1,0,1,1,1,0,1,0,2,48,Female,31,1
1033,1,1,0,0,0,1,1,1,0,1,0,5,12,Female,58,1
1034,1,1,0,0,0,1,1,1,0,0,0,2,48,Male,39,1
1035,1,1,1,1,0,1,1,1,0,0,0,4,12,Male,66,1
1036,1,1,0,1,0,1,1,1,0,0,0,0,12,Male,55,1
1037,1,1,0,1,0,1,0,1,1,0,0,5,12,Female,28,1
1038,1,1,0,1,1,0,0,1,1,0,1,-5,12,Female,34,0
1039,1,1,0,1,0,1,0,1,1,0,0,4,12,Male,24,1
1040,1,1,1,0,0,1,1,0,0,1,0,0,4,Female,59,1
1041,1,1,0,0,0,1,1,1,0,1,0,3,4,Female,67,1
1042,0,1,0,1,1,1,1,0,0,0,1,1,12,Female,52,1
1043,0,1,0,1,0,1,0,1,1,0,0,2,48,Male,41,1
1044,1,1,0,1,0,1,1,1,0,1,0,5,12,Female,37,1
1045,1,1,0,1,1,1,1,1,0,0,0,5,48,Male,18,1
1046,1,1,0,0,0,1,1,1,0,1,0,4,48,Male,63,1
1047,1,1,1,1,1,1,1,1,0,0,0,4,48,Male,24,1
1048,1,1,0,0,0,1,1,1,0,0,0,5,96,Male,57,1
1049,1,1,0,1,0,1,1,1,0,0,0,0,12,Male,40,1
1050,1,1,0,1,1,1,0,1,1,0,0,2,12,Male,20,1
1051,1,1,0,1,1,1,0,1,0,0,0,1,4,Male,55,1
1052,1,1,0,1,1,1,0,1,1,1,0,2,1,Female,18,1
1053,1,1,0,1,0,0,0,0,1,0,0,1,12,Male,42,1
1054,0,1,0,1,0,1,1,0,1,0,1,-4,1,Female,47,0
1055,0,1,0,1,0,1,0,0,1,0,0,3,4,Male,40,1
1056,1,1,0,1,0,1,1,1,0,1,0,3,12,Female,35,1
1057,1,1,0,1,1,1,1,0,0,0,0,1,12,Male,64,1
1058,0,1,0,1,1,0,1,1,0,0,1,-2,4,Female,50,0
1059,1,1,0,0,0,1,1,1,0,1,0,5,48,Female,55,1
1060,0,0,0,1,1,1,1,0,0,0,1,-4,0,Female,64,0
1061,0,1,0,1,1,1,0,0,1,0,1,-4,1,Female,49,0
1062,1,1,0,0,0,0,0,1,1,0,0,0,4,Male,49,1
1063,0,1,0,1,0,1,1,0,0,0,0,3,48,Female,49,1
1064,0,1,0,1,1,1,0,0,1,0,1,-4,4,Male,50,0
1065,1,1,0,1,0,1,0,1,1,1,0,0,1,Male,65,1
1066,0,1,1,1,1,1,0,0,1,0,1,-5,48,Male,49,0
1067,1,1,0,1,1,1,1,1,0,0,0,4,12,Male,36,1
1068,1,1,0,1,1,1,0,1,1,1,0,4,96,Female,31,1
1069,1,1,0,1,1,1,1,1,0,0,0,5,48,Female,25,1
1070,1,1,0,1,0,1,1,1,0,0,0,3,12,Male,51,1
1071,0,1,0,1,0,0,0,0,1,0,0,1,48,Male,41,1
1072,0,1,0,1,1,1,1,0,0,0,0,-1,1,Female,58,0
1073,0,1,1,1,0,1,1,1,0,0,0,0,12,Male,69,1
1074,1,1,0,1,0,1,1,1,0,0,0,3,48,Female,22,1
1075,1,1,0,1,0,1,0,1,1,0,0,5,12,Male,39,1
1076,0,1,0,1,1,0,1,0,0,0,0,-2,12,Female,58,0
1077,0,1,0,0,1,0,0,0,1,0,0,-1,12,Male,47,0
1078,0,1,0,1,0,1,0,1,1,0,0,1,48,Male,62,1
1079,1,1,0,1,0,1,1,1,0,0,0,3,12,Male,49,1
1080,0,1,1,1,0,1,1,1,0,0,0,-3,1,Female,65,0
1081,1,1,0,1,0,1,1,1,0,1,0,5,48,Female,39,1
1082,0,1,0,1,1,0,1,0,0,0,1,-3,1,Female,33,0
1083,1,1,0,1,0,0,0,1,1,0,0,4,48,Male,33,1
1084,0,1,0,1,0,1,0,1,1,0,0,1,12,Male,64,1
1085,0,1,0,1,1,1,1,1,0,0,0,-2,1,Male,18,0
1086,1,1,0,1,0,1,1,1,0,1,0,1,12,Male,67,1
1087,0,1,0,1,0,1,0,0,1,0,1,-5,1,Female,62,0
1088,0,1,0,1,1,1,1,1,0,0,0,-4,0,Female,56,0
1089,0,1,0,1,1,0,1,1,0,1,0,-5,12,Female,36,0
1090,0,1,0,1,0,0,0,1,0,1,0,1,1,Male,68,1
1091,1,1,0,0,0,1,0,1,0,1,0,3,12,Female,42,1
1092,1,1,0,1,0,0,0,1,1,0,0,2,48,Male,39,1
1093,1,1,0,1,1,1,1,1,0,0,0,3,12,Female,24,1
1094,1,1,0,1,1,1,0,1,1,0,0,4,48,Female,38,1
1095,1,1,0,0,0,1,0,1,1,0,0,5,48,Male,52,1
1096,1,1,0,0,0,1,1,1,0,1,0,2,48,Female,43,1
1097,0,1,0,1,0,1,1,0,0,0,0,0,4,Male,57,1
1098,0,1,1,1,1,1,1,0,0,0,0,-4,1,Female,59,0
1099,0,0,0,1,0,0,0,1,0,0,1,-5,0,Female,57,0
1100,1,1,0,1,0,1,1,1,0,0,0,0,4,Male,43,1
1101,1,1,0,1,1,1,1,1,0,1,0,5,48,Female,25,1
1102,1,1,0,1,0,1,1,1,0,1,0,2,4,Female,61,1
1103,1,1,0,1,1,1,0,1,1,0,0,5,12,Female,25,1
1104,0,0,0,1,1,1,0,0,1,0,1,-5,1,Female,70,0
1105,0,1,0,1,1,1,1,0,0,0,0,2,4,Male,54,1
1106,1,1,1,1,0,1,1,1,0,0,0,5,4,Male,60,1
1107,0,1,0,1,1,1,0,0,0,0,0,-4,1,Male,59,0
1108,0,0,0,1,1,0,0,0,1,0,1,-5,0,Male,66,0
1109,1,1,0,1,0,0,1,0,0,1,0,4,48,Male,51,1
1110,1,1,0,1,0,1,0,1,1,0,0,1,12,Female,57,1
1111,0,1,0,1,1,1,1,0,0,0,0,2,4,Female,61,1
1112,1,1,0,1,1,0,0,1,1,1,0,3,12,Female,31,1
1113,1,1,0,1,1,1,0,1,1,0,0,2,48,Male,27,1
1114,1,1,0,1,1,1,1,1,0,0,0,3,48,Male,36,1
1115,0,1,0,1,1,1,0,0,1,0,1,-5,0,Female,45,0
1116,0,1,0,1,1,1,1,0,0,0,1,-3,4,Female,53,0
1117,0,1,0,0,0,1,1,1,0,1,0,3,1,Female,42,1
1118,0,1,0,1,1,1,1,1,0,0,0,0,1,Female,50,1
1119,0,1,0,1,0,1,1,0,0,0,1,2,12,Female,51,1
1120,0,0,0,1,1,1,0,0,1,0,1,-4,0,Male,36,0
1121,1,1,0,1,0,1,0,1,0,0,0,-1,96,Female,55,0
1122,0,1,0,1,1,1,0,1,0,0,0,0,4,Male,67,1
1123,1,1,0,0,0,1,1,1,0,0,0,0,12,Male,56,1
1124,0,1,0,1,1,1,1,0,0,0,0,0,1,Female,70,1
1125,0,0,1,1,1,1,1,1,0,0,1,-5,1,Female,58,0
1126,0,0,0,1,1,1,0,0,1,0,1,-5,0,Male,44,0
1127,0,1,0,1,0,1,1,0,1,0,0,-5,1,Female,52,0
1128,1,1,0,1,1,1,1,0,0,0,0,-3,1,Female,61,0
1129,1,1,0,1,0,1,1,1,0,0,0,3,12,Female,33,1
1130,1,1,0,1,1,1,1,1,0,0,0,4,12,Female,30,1
1131,0,0,0,1,1,0,0,0,1,0,1,-5,4,Male,37,0
1132,1,1,0,1,1,1,0,1,1,0,0,3,4,Male,26,1
1133,0,1,1,1,0,1,0,0,1,0,0,0,1,Female,65,1
1134,1,1,0,1,0,1,1,1,0,0,0,5,12,Female,38,1
1135,1,1,0,1,0,1,1,1,0,0,0,1,48,Female,29,1
1136,0,1,1,1,0,1,0,0,1,0,1,-5,0,Female,62,0
1137,0,1,0,1,0,1,1,1,0,0,0,4,48,Male,21,1
1138,0,1,0,1,0,1,1,0,0,0,0,-3,1,Female,35,0
1139,1,0,0,1,1,1,1,1,1,0,1,5,4,Male,27,1
1140,0,0,0,1,1,1,0,0,1,0,1,-5,0,Male,19,0
1141,1,1,0,1,1,1,0,1,0,0,0,5,4,Male,29,1
1142,1,1,0,1,0,1,0,0,1,0,0,3,48,Male,29,1
1143,1,1,0,1,1,1,1,1,0,0,0,4,48,Male,29,1
1144,1,1,0,1,0,1,1,1,0,0,0,3,48,Female,31,1
1145,1,1,0,1,1,1,1,1,0,0,0,1,12,Female,55,1
1146,1,1,0,1,1,1,1,1,0,0,0,2,4,Male,36,1
1147,0,1,0,1,1,1,1,1,0,0,1,1,1,Female,48,1
1148,1,1,0,1,1,1,1,1,0,0,0,2,4,Female,23,1
1149,1,1,0,1,1,1,1,1,0,0,0,5,12,Male,35,1
1150,0,1,0,1,0,1,1,0,0,0,1,0,0,Male,29,1
1151,0,1,0,1,1,1,1,1,0,0,1,0,4,Female,52,1
1152,1,1,0,1,1,1,1,1,0,0,0,4,48,Male,32,1
1153,0,1,0,1,0,1,1,0,0,0,0,3,48,Female,39,1
1154,1,1,0,1,0,1,1,1,0,0,0,3,12,Female,55,1
1155,1,1,0,1,0,1,1,1,0,0,0,1,48,Male,41,1
1156,0,1,0,1,1,1,1,0,0,0,1,-5,0,Female,55,0
1157,1,1,0,1,0,1,1,1,0,0,0,5,12,Female,29,1
1158,1,1,0,0,0,1,1,1,0,1,0,3,48,Male,35,1
1159,1,1,0,0,0,1,1,1,1,1,0,5,48,Male,44,1
1160,0,1,0,1,0,1,1,1,0,1,0,1,4,Female,60,1
1161,1,1,0,1,0,1,0,1,1,0,0,5,12,Female,40,1
1162,0,1,1,1,1,1,0,0,0,0,0,-5,1,Female,45,0
1163,0,1,0,1,1,1,1,0,0,0,0,-2,1,Female,37,0
1164,1,1,0,0,0,1,1,1,1,1,0,5,48,Male,30,1
1165,1,1,0,1,0,1,0,1,0,0,0,1,12,Male,53,1
1166,0,1,0,1,1,1,0,0,1,0,1,-5,12,Male,33,0
1167,0,1,0,1,0,1,0,0,0,0,0,-1,4,Male,37,0
1168,1,1,0,1,1,1,1,1,0,0,0,4,12,Male,33,1
1169,1,1,0,1,0,0,1,1,0,1,0,5,48,Female,37,1
1170,1,1,0,1,1,1,0,0,0,0,0,1,4,Male,57,1
1171,0,0,0,1,1,1,1,0,0,0,1,-5,0,Female,53,0
1172,1,1,0,1,0,1,0,1,0,1,0,3,96,Female,46,1
1173,0,1,0,1,1,1,0,1,1,0,1,0,4,Male,62,1
1174,1,1,0,1,0,1,1,1,0,0,0,5,12,Female,53,1
1175,0,1,0,1,0,1,1,0,0,0,1,-1,1,Male,53,0
1176,1,1,0,1,1,1,1,1,0,1,0,4,12,Female,35,1
1177,0,1,0,0,1,1,0,0,1,0,1,-3,1,Male,52,0
1178,1,1,0,1,1,1,1,1,0,0,0,3,12,Female,23,1
1179,0,1,0,1,1,1,0,0,1,0,1,0,0,Female,57,0
1180,1,0,0,1,1,1,0,1,1,0,0,4,48,Female,29,1
1181,1,1,1,1,1,1,0,1,1,1,0,0,1,Female,35,1
1182,0,0,0,1,1,1,0,0,1,0,1,-4,4,Male,44,0
1183,0,1,0,1,1,0,1,0,0,0,1,-5,4,Female,57,0
1184,1,1,0,1,0,1,0,1,1,0,0,4,12,Male,49,1
1185,1,1,1,0,0,1,1,1,0,1,0,4,12,Male,63,1
1186,1,1,0,1,1,1,1,1,0,0,0,4,48,Male,50,1
1187,1,1,0,1,1,1,1,1,0,0,0,3,12,Male,69,1
1188,1,1,0,0,0,1,0,1,1,1,0,5,48,Male,55,1
1189,0,1,0,0,0,1,1,0,0,0,0,2,48,Female,44,1
1190,0,1,0,1,0,1,1,0,0,1,0,1,1,Female,65,1
1191,1,1,0,1,1,0,0,1,1,0,1,3,4,Female,30,1
1192,0,1,0,1,0,1,0,0,0,0,0,-2,1,Female,70,0
1193,0,0,0,1,1,0,0,0,1,0,1,-2,4,Female,67,0
1194,0,1,1,1,1,1,0,1,1,0,0,0,4,Male,60,1
1195,1,1,0,1,1,1,0,1,1,0,0,2,4,Female,31,1
1196,1,1,0,1,1,1,1,1,0,1,0,3,48,Female,50,1
1197,0,1,0,1,1,1,0,0,1,0,1,-5,1,Female,66,0
1198,1,1,0,1,1,1,1,1,0,1,0,3,12,Male,24,1
1199,1,1,0,1,1,1,0,0,0,0,0,3,12,Female,50,1
1200,1,1,0,1,0,1,1,1,0,0,0,0,48,Female,42,1
1201,1,1,0,1,1,1,1,1,0,1,0,5,48,Female,23,1
1202,1,1,0,1,1,1,0,1,1,0,0,3,12,Female,24,1
1203,1,1,0,1,0,1,1,1,0,0,0,3,12,Male,57,1
1204,0,1,0,1,0,1,0,0,1,0,0,-5,0,Male,64,0
1205,0,0,0,0,0,1,1,1,0,0,0,1,12,Female,63,1
1206,1,1,1,1,1,1,1,1,0,0,1,-1,1,Female,62,0
1207,1,1,0,1,1,1,0,1,1,0,0,5,48,Female,19,1
1208,1,1,0,1,0,1,0,1,1,0,0,5,4,Female,22,1
1209,1,1,0,1,1,0,1,1,0,0,1,1,4,Female,20,1
1210,1,1,0,1,0,1,1,1,0,0,0,1,12,Female,32,1
1211,1,1,0,1,0,1,1,1,0,1,0,2,4,Female,22,1
1212,0,1,0,1,1,1,0,0,1,0,1,-2,1,Female,28,0
1213,1,1,0,0,0,1,1,1,0,1,1,4,12,Female,47,1
1214,0,1,0,1,0,1,1,0,0,0,0,0,12,Male,63,1
1215,1,1,0,1,1,1,0,1,1,1,1,-4,4,Male,44,0
1216,1,1,0,1,1,1,0,1,0,0,0,1,1,Female,27,1
1217,0,1,0,1,1,1,1,0,0,0,0,-2,12,Male,22,0
1218,0,1,0,1,1,1,1,1,0,0,0,-2,0,Female,66,0
1219,0,1,0,1,1,1,1,1,0,0,0,1,4,Male,68,1
1220,0,1,1,1,1,1,1,1,1,0,1,-5,0,Male,59,0
1221,1,1,0,1,1,0,1,1,0,0,0,3,12,Female,20,1
1222,1,1,0,1,1,1,0,1,1,0,0,3,48,Female,39,1
1223,0,1,0,1,1,1,1,0,0,0,1,0,4,Female,24,0
1224,0,1,0,1,0,1,1,0,0,0,0,3,48,Male,49,1
1225,0,1,0,1,1,0,0,0,1,0,1,-1,4,Male,42,0
1226,1,1,0,1,1,1,1,1,0,0,0,4,4,Female,20,1
1227,0,0,0,1,1,0,0,0,1,0,1,-5,1,Female,27,0
1228,0,1,0,1,1,1,1,0,0,0,1,-3,0,Female,22,0
1229,0,1,0,1,1,1,1,0,0,0,1,-5,1,Male,26,0
1230,1,1,1,0,0,1,1,1,0,1,0,4,48,Male,58,1
1231,0,0,0,1,1,0,0,0,1,0,1,-5,1,Male,35,0
1232,0,1,0,1,1,1,1,1,0,0,0,0,48,Male,28,1
1233,0,1,0,1,1,1,1,0,0,0,0,-4,0,Female,60,0
1234,0,1,0,1,1,1,0,0,0,0,0,-5,4,Female,61,0
1235,1,1,0,1,0,1,0,1,1,0,0,3,12,Male,59,1
1236,0,1,0,1,1,1,1,0,0,0,0,1,4,Female,64,1
1237,0,1,0,1,1,1,0,1,1,0,1,0,0,Female,19,1
1238,0,1,1,0,0,1,1,1,0,0,0,-2,4,Female,69,0
1239,0,1,0,0,1,1,0,1,0,0,0,2,12,Male,44,1
1240,1,1,0,1,1,1,1,1,0,0,0,2,48,Female,29,1
1241,0,1,0,1,1,1,1,0,0,0,0,0,4,Male,27,1
1242,1,1,0,1,1,1,1,1,0,0,1,5,4,Male,26,1
1243,0,1,0,1,1,1,1,0,0,0,0,-1,1,Female,59,0
1244,1,1,0,1,1,1,0,0,1,0,0,-3,1,Male,40,0
1245,1,1,0,1,0,1,1,1,1,0,1,5,1,Male,32,1
1246,0,1,0,0,0,1,1,0,0,0,1,-3,4,Female,49,0
1247,1,1,0,1,0,0,0,1,1,0,0,2,4,Male,58,1
1248,1,1,0,1,0,1,1,1,0,1,0,5,48,Female,44,1
1249,0,1,0,1,0,1,0,0,0,0,1,-2,4,Male,54,0
1250,1,1,0,1,1,1,1,1,0,0,0,1,48,Female,31,1
1251,1,1,0,1,0,1,1,1,0,0,0,0,4,Female,45,1
1252,0,1,0,1,0,1,1,1,0,0,0,1,4,Male,50,1
1253,1,1,0,1,1,1,0,1,1,0,0,1,12,Male,23,1
1254,0,1,0,1,0,1,0,0,1,0,1,-3,1,Female,45,0
1255,0,1,0,0,1,1,0,1,1,0,0,3,48,Male,30,1
1256,1,1,0,1,1,1,1,1,0,0,1,5,4,Male,31,1
1257,0,1,0,1,1,1,1,1,0,0,1,2,4,Female,40,1
1258,1,1,0,0,0,1,1,1,0,1,0,4,12,Male,63,1
1259,1,1,0,1,0,1,1,1,0,1,0,3,4,Female,62,1
1260,1,1,0,1,1,1,0,1,1,0,0,5,96,Male,22,1
1261,1,1,0,0,0,1,1,1,0,1,0,3,12,Female,45,1
1262,1,1,1,1,1,1,0,1,1,0,0,0,4,Female,54,1
1263,0,0,0,0,0,0,0,0,0,0,0,-5,0,Female,70,0
1264,1,1,0,1,1,1,1,1,0,0,1,0,12,Male,40,1
1265,0,1,0,1,1,1,1,0,0,0,0,-1,4,Male,43,0
1266,1,1,0,1,1,1,0,1,1,1,0,2,48,Male,43,1
1267,0,1,0,1,1,1,0,1,1,0,1,-2,1,Female,47,0
1268,0,1,0,1,1,1,1,0,0,0,0,-4,1,Female,29,0
1269,1,1,0,1,1,1,1,1,0,0,0,4,48,Female,66,1
1270,0,1,0,1,1,1,0,0,1,0,1,-1,4,Male,22,0
1271,1,1,0,0,0,1,1,1,0,1,0,3,4,Female,64,1
1272,1,1,0,1,1,1,0,1,1,0,0,0,12,Male,38,1
1273,1,1,0,0,0,0,0,0,0,0,0,-1,4,Male,54,0
1274,0,0,0,1,1,1,0,0,1,0,1,-5,1,Male,42,0
1275,0,1,0,1,1,1,1,0,0,0,0,-4,4,Female,68,0
1276,0,1,1,1,1,1,1,0,0,0,1,-5,0,Female,65,0
1277,1,1,0,1,1,1,1,1,0,1,0,3,12,Female,18,1
1278,0,1,0,1,0,1,1,1,0,0,0,3,4,Female,53,1
1279,1,1,0,1,0,1,0,1,1,0,0,2,12,Female,42,1
1280,1,1,0,1,0,1,0,1,0,0,0,5,12,Female,30,1
1281,1,1,0,1,0,1,1,1,0,1,0,2,1,Male,53,1
1282,1,1,0,1,1,1,1,1,0,0,0,4,12,Male,27,1
1283,1,1,0,1,1,1,1,1,0,0,0,3,48,Male,23,1
1284,0,0,0,0,0,0,0,0,1,0,1,-5,1,Male,40,0
1285,1,0,0,1,0,1,1,1,0,0,0,3,4,Male,60,1
1286,0,1,0,1,1,1,0,0,1,0,0,0,48,Male,59,1
1287,0,0,0,1,1,0,0,0,1,0,1,-3,12,Male,49,0
1288,0,1,0,1,1,1,0,0,1,0,1,0,12,Male,44,1
1289,0,0,0,1,1,1,0,0,1,0,1,-4,0,Male,62,0
1290,1,1,0,1,0,1,0,1,1,0,0,0,12,Female,37,1
1291,1,1,0,1,1,1,1,1,0,0,0,3,12,Female,26,1
1292,0,1,0,1,1,1,1,1,0,0,1,-4,1,Female,58,0
1293,1,1,0,1,1,0,0,1,1,1,0,5,48,Female,30,1
1294,0,1,0,1,1,1,1,0,0,0,0,1,4,Female,51,1
1295,0,1,0,1,0,1,0,0,1,0,0,3,12,Male,60,1
1296,1,1,0,1,0,0,0,1,1,0,0,3,12,Female,35,1
1297,1,1,1,1,0,1,1,1,0,0,0,2,48,Female,60,1
1298,0,1,0,1,0,1,1,0,0,0,0,-5,1,Female,65,0
1299,0,1,0,1,0,1,1,1,0,0,0,2,4,Female,58,1
1300,0,0,0,1,1,1,1,0,0,0,1,-5,0,Male,49,0
1301,1,1,0,1,1,1,1,1,0,0,0,1,4,Female,58,1
1302,1,1,0,1,1,0,1,1,0,0,0,3,4,Female,26,1
1303,1,1,0,1,1,1,1,0,0,0,0,0,4,Male,59,1
1304,1,1,1,1,1,1,0,1,0,0,1,-1,12,Female,28,0
1305,0,1,0,1,1,1,0,1,0,0,0,1,4,Female,24,1
1306,1,1,0,1,1,1,0,1,1,0,0,3,96,Male,36,1
1307,0,0,1,1,1,0,1,0,0,1,1,-5,1,Male,66,0
1308,0,1,0,0,0,1,1,0,0,0,0,0,4,Male,58,1
1309,0,1,0,1,1,1,1,1,0,0,0,-1,12,Female,31,0
1310,1,1,0,1,0,1,1,1,0,0,0,4,96,Male,27,1
1311,1,1,0,1,1,1,1,1,1,0,1,4,48,Male,20,1
1312,1,1,0,0,0,1,0,1,1,1,0,5,48,Male,37,1
1313,1,1,0,1,0,1,1,1,0,0,0,1,12,Female,34,1
1314,0,0,0,1,1,1,1,0,0,0,1,-5,0,Male,47,0
1315,1,1,0,1,1,1,1,1,0,0,0,4,4,Female,25,1
1316,0,1,1,1,1,1,0,1,1,0,1,-5,1,Male,67,0
1317,1,1,0,0,0,0,1,1,0,0,0,4,12,Female,57,1
1318,1,1,0,1,0,1,1,1,0,0,0,3,48,Female,48,1
1319,1,1,0,0,0,1,1,1,0,1,0,3,12,Female,64,1
1320,0,1,0,1,1,1,0,0,1,0,1,-5,4,Female,38,0
1321,0,1,0,1,1,0,0,0,1,0,1,-3,1,Male,44,0
1322,1,1,0,1,0,1,1,1,0,0,0,3,12,Female,47,1
1323,0,1,0,1,1,1,1,1,1,0,0,-4,4,Female,53,0
1324,1,1,1,0,0,1,1,1,0,0,0,5,12,Male,37,1
1325,1,0,0,1,1,1,0,1,1,0,0,5,4,Male,25,1
1326,0,1,0,1,0,1,0,1,1,0,0,4,96,Male,21,1
1327,0,1,0,1,1,0,0,0,1,0,1,-5,0,Female,60,0
1328,0,1,0,1,0,1,0,0,1,1,0,-2,1,Female,48,0
1329,0,1,0,1,1,1,0,0,1,0,0,-4,1,Female,38,0
1330,1,1,0,1,1,1,0,1,1,0,0,3,12,Male,24,1
1331,0,1,0,1,1,1,0,0,1,0,0,3,12,Male,26,1
1332,1,1,0,1,1,1,0,1,1,0,0,4,48,Female,40,1
1333,1,1,0,1,0,1,0,1,1,0,0,2,12,Male,62,1
1334,1,1,0,1,0,1,1,1,0,0,0,1,4,Male,26,1
1335,0,1,0,1,0,1,1,1,0,0,0,0,12,Female,65,1
1336,0,1,0,1,1,0,0,1,1,0,0,2,12,Male,50,1
1337,0,0,0,0,0,1,1,0,0,0,0,0,0,Female,26,1
1338,0,1,0,1,1,1,1,0,0,0,0,-2,4,Female,44,0
1339,0,1,0,1,0,1,0,0,0,0,0,0,48,Male,48,1
1340,0,1,0,1,1,1,0,0,1,0,1,0,12,Female,29,1
1341,0,1,0,1,1,1,0,0,0,0,0,-4,1,Female,60,0
1342,1,1,1,1,0,1,1,1,0,1,0,5,96,Male,18,1
1343,0,1,0,1,1,1,1,0,0,0,1,-3,1,Female,37,0
1344,1,1,0,1,0,1,1,0,1,0,1,-3,1,Female,55,0
1345,0,1,0,1,1,1,1,0,0,0,0,2,4,Female,39,1
1346,1,1,0,1,0,1,0,1,1,1,0,4,12,Male,55,1
1347,1,1,1,1,1,1,1,1,0,0,0,1,4,Male,18,1
1348,1,1,0,1,0,1,0,1,1,0,0,5,48,Female,21,1
1349,1,1,0,1,0,1,0,1,1,1,0,2,12,Male,31,1
1350,1,1,0,1,0,1,1,1,0,1,0,3,12,Female,28,1
1351,1,1,0,1,1,1,0,1,1,0,0,4,12,Male,39,1
1352,0,1,0,1,0,1,1,1,0,0,0,1,4,Male,51,1
1353,1,1,0,1,1,1,1,1,0,1,0,5,48,Female,18,1
1354,0,1,0,1,0,1,1,0,0,0,1,-5,0,Female,44,0
1355,0,1,1,1,1,1,1,0,0,0,1,-4,0,Male,66,0
1356,0,1,0,1,1,1,1,0,0,0,1,-3,1,Female,34,0
1357,1,1,0,1,0,1,1,1,0,0,0,1,4,Female,53,1
1358,0,0,0,1,1,1,0,0,1,0,0,-3,1,Male,42,0
1359,1,1,0,1,1,1,1,1,0,0,0,3,4,Female,38,1
1360,1,1,0,1,1,1,1,1,0,0,0,3,12,Female,29,1
1361,0,1,0,1,1,1,0,1,0,0,0,0,4,Male,57,1
1362,1,1,0,1,0,1,1,1,1,1,0,5,48,Male,26,1
1363,1,1,0,1,0,1,0,1,1,0,0,3,48,Female,30,1
1364,0,1,0,1,0,1,1,1,0,0,1,1,4,Male,46,1
1365,0,1,0,1,0,1,1,0,0,0,0,0,4,Male,61,1
1366,1,1,0,1,0,1,1,1,0,0,0,0,48,Male,39,1
1367,1,1,0,1,0,1,1,1,0,0,0,3,4,Male,62,1
1368,1,1,0,1,0,1,1,1,1,1,0,4,12,Female,43,1
1369,1,1,0,1,1,1,1,1,0,0,0,3,12,Female,36,1
1370,1,1,0,0,1,1,1,1,0,0,0,3,4,Female,60,1
1371,0,1,0,1,0,1,1,0,0,0,0,-4,1,Female,54,0
1372,0,1,0,1,0,1,1,1,0,0,0,0,48,Male,48,1
1373,1,1,0,1,1,1,1,1,0,0,0,2,12,Male,20,1
1374,1,1,0,1,1,1,1,1,0,0,0,2,12,Female,27,1
1375,0,1,0,1,0,1,1,1,0,0,0,-1,12,Female,68,0
1376,0,1,0,1,1,1,1,1,0,0,0,-1,12,Male,70,0
1377,1,1,0,1,1,1,1,1,0,0,0,3,12,Female,28,1
1378,0,1,0,1,1,1,1,0,0,0,1,-5,0,Female,59,0
1379,0,1,0,0,0,1,1,0,0,0,0,-2,1,Male,45,0
1380,1,1,0,0,0,1,0,1,1,1,0,2,4,Male,67,1
1381,1,1,0,1,1,1,0,0,1,0,1,3,48,Female,26,1
1382,0,0,0,1,1,1,0,0,1,0,1,-5,0,Male,42,0
1383,0,1,0,0,0,1,1,0,0,0,0,4,48,Male,55,1
1384,0,1,0,1,1,1,0,0,0,0,1,-2,1,Female,30,0
1385,1,1,0,0,0,1,0,1,0,1,0,5,48,Male,33,1
1386,0,1,0,1,0,1,1,0,0,0,0,-3,4,Female,60,0
1387,1,1,0,1,0,1,1,1,0,0,0,3,12,Female,57,1
1388,0,1,0,1,1,1,1,1,0,0,0,0,12,Male,44,1
1389,1,1,1,1,0,1,1,1,0,0,0,4,4,Female,59,1
1390,0,0,0,1,1,1,1,0,0,0,1,-5,0,Male,35,0
1391,0,1,0,1,1,1,1,0,0,0,0,1,1,Male,60,1
1392,0,1,0,1,1,1,1,0,0,1,1,-5,0,Female,67,0
1393,1,1,0,1,1,1,1,1,0,0,0,4,48,Female,29,1
1394,1,1,0,1,1,1,1,1,0,0,0,4,12,Female,22,1
1395,1,0,0,0,0,1,0,1,0,0,0,4,1,Female,54,1
1396,1,1,0,1,0,1,0,1,1,1,0,3,96,Female,21,1
1397,0,1,1,0,0,1,0,1,0,0,0,4,12,Female,62,1
1398,0,1,0,1,1,1,1,0,0,0,1,-5,0,Male,53,0
1399,0,1,0,1,1,1,0,0,1,0,1,-4,1,Female,37,0
1400,1,1,0,1,1,1,1,1,0,1,0,5,48,Female,44,1
1401,0,1,0,1,1,1,1,0,0,0,1,-5,0,Female,52,0
1402,0,1,0,1,0,1,0,0,1,0,0,1,4,Male,55,1
1403,0,1,0,1,1,1,0,0,0,0,1,-3,1,Female,32,0
1404,0,0,0,1,1,0,0,0,1,0,1,-5,12,Female,32,0
1405,1,1,0,1,0,1,0,1,1,0,0,2,4,Male,47,1
1406,0,1,0,1,1,1,0,0,0,0,1,-5,1,Male,31,0
1407,0,1,0,1,0,1,0,1,1,0,0,1,1,Male,55,1
1408,0,1,0,1,1,1,0,0,1,1,0,-4,1,Female,60,0
1409,1,1,0,1,0,1,0,1,1,0,0,5,48,Male,70,1
1410,1,1,0,1,0,0,1,1,0,0,0,4,1,Female,49,1
1411,1,1,0,1,1,1,1,1,0,0,0,2,1,Female,55,1
1412,0,0,0,1,1,1,1,0,0,0,0,-2,4,Female,50,0
1413,1,1,0,1,0,1,1,1,0,0,0,3,12,Male,26,1
1414,0,1,0,1,0,1,1,0,0,0,1,-4,1,Male,55,0
1415,0,1,0,1,1,1,0,1,1,0,1,-3,4,Male,57,0
1416,0,1,0,1,1,1,1,0,0,0,0,-1,12,Female,20,0
1417,1,1,0,1,0,1,0,1,1,1,0,4,12,Female,46,1
1418,0,0,0,1,1,1,1,0,0,0,1,-5,0,Female,62,0
1419,0,1,0,1,1,1,1,0,0,0,1,0,4,Female,59,0
1420,1,1,0,1,0,1,1,1,0,0,0,3,12,Female,53,1
1421,1,1,0,1,1,1,1,1,0,0,0,3,4,Female,57,1
1422,1,1,0,1,0,1,1,1,0,0,0,1,4,Female,59,1
1423,1,1,0,1,0,1,1,1,0,0,0,3,12,Male,41,1
1424,0,1,0,1,0,1,1,0,0,0,0,1,12,Male,36,1
1425,1,1,0,1,0,1,1,1,0,0,0,4,12,Male,57,1
1426,1,0,0,0,0,1,1,1,0,0,0,5,12,Female,33,1
1427,0,1,0,1,0,1,0,0,1,1,0,3,12,Female,38,1
1428,0,1,0,1,1,1,1,1,0,0,0,1,4,Male,37,1
1429,1,1,0,1,1,0,1,1,0,0,0,4,96,Male,25,1
1430,0,1,0,1,1,1,1,0,1,0,1,-3,48,Male,42,0
1431,1,1,0,1,0,1,0,1,1,0,0,3,4,Female,55,1
1432,0,1,0,1,1,1,1,0,0,0,0,2,48,Male,21,1
1433,0,0,0,0,0,0,0,0,1,0,1,-5,1,Male,44,0
1434,1,1,0,1,1,1,1,1,0,0,1,4,48,Male,41,1
1435,0,1,0,1,1,1,1,0,0,0,1,-5,0,Male,25,0
1436,1,1,0,1,1,1,0,1,1,0,0,5,12,Male,24,1
1437,1,1,0,1,0,1,1,1,0,1,0,4,4,Female,61,1
1438,1,1,0,1,1,1,0,1,1,0,0,3,12,Female,27,1
1439,1,1,1,1,1,0,1,1,0,1,1,1,12,Male,61,1
1440,1,1,0,0,0,1,1,1,0,0,0,3,12,Female,55,1
1441,1,1,0,1,1,1,0,1,1,0,0,5,48,Male,29,1
1442,1,1,0,0,1,1,1,1,0,0,0,4,12,Male,31,1
1443,1,1,0,1,0,1,1,1,0,0,0,2,1,Female,50,1
1444,0,1,0,1,1,1,1,0,0,1,0,-3,0,Male,55,0
1445,0,1,0,1,1,1,1,1,0,0,1,1,12,Female,18,1
1446,1,1,0,1,1,1,1,1,0,1,0,1,4,Female,52,1
1447,0,1,0,1,1,0,0,1,1,0,0,0,12,Male,43,1
1448,0,1,0,1,1,0,0,0,1,0,1,-5,1,Male,47,0
1449,1,1,0,1,0,0,1,1,0,1,0,2,48,Female,36,1
1450,1,1,0,1,0,1,0,1,1,0,0,3,12,Female,52,1
1451,1,1,0,0,0,1,1,1,0,1,0,4,4,Male,41,1
1452,0,1,0,1,1,0,0,0,1,0,1,-3,4,Male,30,0
